raw,filtered,baseline,delta,event,above_count,state
36123,36167,36223,-56,0,0,1
36501,36200,36224,-23,0,0,1
36242,36205,36224,-19,0,0,1
36262,36210,36224,-13,0,0,1
36123,36202,36223,-22,0,0,1
36103,36192,36223,-32,0,0,1
36143,36187,36223,-36,0,0,1
36044,36173,36223,-50,0,0,1
36083,36164,36222,-59,0,0,1
36143,36162,36222,-61,0,0,1
36143,36160,36222,-62,0,0,1
36203,36164,36222,-58,0,0,1
36262,36174,36222,-48,0,0,1
36401,36197,36223,-26,0,0,1
36103,36187,36222,-35,0,0,1
36262,36195,36222,-28,0,0,1
36103,36185,36222,-37,0,0,1
36083,36175,36222,-47,0,0,1
36262,36184,36222,-38,0,0,1
36143,36180,36222,-42,0,0,1
36203,36182,36222,-40,0,0,1
36123,36176,36222,-45,0,0,1
36203,36179,36222,-43,0,0,1
36044,36165,36221,-56,0,0,1
36143,36163,36221,-58,0,0,1
36600,36207,36222,-15,0,0,1
36123,36198,36222,-23,0,0,1
35925,36171,36221,-50,0,0,1
36083,36162,36221,-58,0,0,1
36044,36150,36220,-70,0,0,1
35944,36130,36220,-90,0,1,1
36103,36127,36220,-93,0,2,1
36322,36147,36220,-73,0,3,1
35905,36122,36219,-97,0,4,1
36143,36124,36219,-95,0,5,1
35984,36110,36219,-108,0,6,1
36361,36135,36219,-83,0,7,1
36163,36138,36219,-81,0,8,1
36103,36135,36219,-84,0,9,1
36083,36130,36218,-89,0,10,1
35964,36113,36218,-105,0,11,1
36361,36138,36218,-80,0,12,1
36044,36128,36218,-89,0,13,1
36203,36136,36218,-82,0,14,1
35984,36121,36217,-97,0,15,1
36242,36133,36217,-84,0,16,1
36044,36124,36217,-93,0,17,1
36322,36144,36217,-73,0,18,1
36401,36169,36217,-48,0,0,1
36004,36153,36217,-64,0,0,1
36203,36158,36217,-59,0,0,1
35984,36140,36217,-76,0,1,1
36361,36163,36217,-54,0,0,1
36123,36159,36217,-58,0,0,1
36322,36175,36217,-42,0,0,1
35905,36148,36216,-68,0,0,1
36163,36149,36216,-67,0,0,1
36222,36157,36216,-60,0,0,1
36481,36189,36217,-28,0,0,1
36143,36185,36217,-32,0,0,1
36123,36178,36216,-38,0,0,1
36123,36173,36216,-43,0,0,1
36143,36170,36216,-46,0,0,1
35964,36149,36216,-66,0,0,1
36242,36159,36216,-57,0,0,1
36044,36147,36215,-68,0,0,1
36123,36145,36215,-70,0,1,1
36064,36137,36215,-78,0,2,1
36044,36127,36214,-87,0,3,1
36044,36119,36214,-95,0,4,1
36183,36125,36214,-89,0,5,1
36401,36153,36214,-61,0,0,1
36183,36156,36214,-58,0,0,1
36083,36149,36214,-65,0,0,1
35925,36126,36214,-87,0,1,1
36103,36124,36213,-89,0,2,1
35885,36100,36213,-113,0,3,1
36083,36098,36212,-114,0,4,1
36044,36093,36212,-119,0,5,1
36183,36102,36212,-110,0,6,1
36083,36100,36212,-112,0,7,1
36123,36102,36212,-109,0,8,1
35964,36088,36211,-123,0,9,1
36103,36090,36211,-121,0,10,1
36342,36115,36211,-96,0,11,1
36083,36112,36211,-99,0,12,1
36143,36115,36211,-96,0,13,1
36103,36114,36211,-97,0,14,1
36064,36109,36210,-101,0,15,1
35984,36096,36210,-114,0,16,1
36103,36097,36210,-113,0,17,1
36123,36100,36209,-110,0,18,1
36064,36096,36209,-113,0,19,1
36123,36099,36209,-110,0,20,1
36222,36111,36209,-98,0,21,1
36044,36104,36209,-104,0,22,1
36183,36112,36209,-96,0,23,1
36083,36109,36208,-99,0,24,1
36083,36107,36208,-102,0,25,1
36123,36108,36208,-100,0,26,1
36004,36098,36208,-110,0,27,1
36103,36098,36207,-109,0,28,1
36203,36109,36207,-99,0,29,1
36083,36106,36207,-101,0,30,1
36044,36100,36207,-107,0,31,1
36004,36090,36206,-116,0,32,1
36481,36129,36207,-78,0,33,1
36044,36121,36207,-86,0,34,1
36044,36113,36206,-93,0,35,1
36222,36124,36206,-82,0,36,1
35964,36108,36206,-98,0,37,1
36044,36102,36206,-104,0,38,1
35944,36086,36205,-119,0,39,1
36123,36090,36205,-115,0,40,1
35925,36073,36204,-131,0,41,1
36361,36102,36205,-103,0,42,1
36083,36100,36204,-104,0,43,1
36342,36124,36205,-80,0,44,1
36163,36128,36205,-76,0,45,1
36222,36138,36205,-67,0,0,1
36044,36128,36204,-76,0,1,1
35885,36104,36204,-100,0,2,1
35905,36084,36203,-119,0,3,1
36123,36088,36203,-115,0,4,1
36044,36083,36203,-119,0,5,1
35984,36073,36202,-129,0,6,1
36044,36071,36202,-131,0,7,1
36103,36074,36202,-128,0,8,1
36361,36103,36202,-99,0,9,1
36203,36113,36202,-89,0,10,1
36083,36110,36202,-92,0,11,1
36103,36109,36202,-93,0,12,1
36064,36104,36201,-97,0,13,1
36064,36100,36201,-101,0,14,1
36004,36091,36201,-110,0,15,1
35845,36066,36200,-134,0,16,1
36004,36060,36200,-140,0,17,1
36004,36054,36199,-145,0,18,1
36302,36079,36199,-120,0,19,1
35984,36070,36199,-129,0,20,1
36123,36075,36199,-124,0,21,1
36044,36072,36198,-127,0,22,1
35805,36045,36198,-152,0,23,1
36262,36067,36198,-131,0,24,1
35925,36053,36197,-145,0,25,1
36143,36062,36197,-135,0,26,1
36064,36062,36197,-135,0,27,1
36262,36082,36197,-115,0,28,1
36123,36086,36197,-111,0,29,1
35944,36072,36196,-125,0,30,1
36044,36069,36196,-127,0,31,1
36342,36096,36196,-100,0,32,1
36064,36093,36196,-103,0,33,1
36083,36092,36196,-104,0,34,1
36103,36093,36196,-103,0,35,1
36044,36088,36195,-107,0,36,1
36262,36106,36196,-90,0,37,1
36004,36095,36195,-100,0,38,1
36103,36096,36195,-99,0,39,1
35944,36081,36194,-113,0,40,1
35925,36065,36194,-129,0,41,1
36143,36073,36194,-121,0,42,1
36064,36072,36194,-121,0,43,1
36481,36113,36194,-81,0,44,1
36083,36110,36194,-84,0,45,1
35885,36088,36193,-106,0,46,1
35944,36073,36193,-120,0,47,1
36083,36074,36193,-118,0,48,1
35984,36065,36192,-127,0,49,1
36083,36067,36192,-125,0,50,1
35964,36057,36192,-135,0,51,1
36103,36061,36191,-130,0,52,1
36322,36087,36192,-104,0,53,1
36123,36091,36192,-101,0,54,1
36183,36100,36192,-91,0,55,1
36481,36138,36192,-54,0,0,1
36083,36133,36192,-59,0,0,1
36083,36128,36192,-64,0,0,1
36083,36123,36191,-68,0,0,1
36123,36123,36191,-68,0,0,1
36044,36115,36191,-76,0,1,1
36044,36108,36191,-83,0,2,1
36163,36114,36191,-77,0,3,1
35925,36095,36190,-95,0,4,1
36302,36116,36190,-75,0,5,1
36004,36104,36190,-86,0,6,1
36401,36134,36190,-56,0,0,1
35905,36111,36190,-79,0,1,1
36064,36106,36190,-83,0,2,1
36183,36114,36190,-76,0,3,1
36064,36109,36189,-80,0,4,1
36183,36116,36189,-73,0,5,1
35984,36103,36189,-86,0,6,1
36222,36115,36189,-74,0,7,1
36103,36114,36189,-75,0,8,1
36203,36123,36189,-66,0,0,1
36143,36125,36189,-64,0,0,1
36183,36131,36189,-58,0,0,1
36421,36160,36189,-30,0,0,1
36103,36154,36189,-35,0,0,1
36004,36139,36189,-50,0,0,1
35905,36116,36188,-73,0,1,1
36183,36122,36188,-66,0,0,1
36103,36120,36188,-68,0,0,1
36183,36127,36188,-61,0,0,1
36083,36122,36188,-65,0,0,1
35984,36108,36187,-79,0,1,1
36004,36098,36187,-89,0,2,1
36044,36093,36187,-94,0,3,1
36262,36110,36187,-77,0,4,1
35885,36087,36186,-99,0,5,1
36123,36091,36186,-95,0,6,1
35845,36066,36185,-119,0,7,1
36302,36090,36186,-96,0,8,1
36083,36089,36185,-96,0,9,1
36262,36106,36186,-79,0,10,1
36044,36100,36185,-85,0,11,1
36242,36114,36185,-71,0,12,1
36083,36111,36185,-74,0,13,1
36342,36134,36186,-51,0,0,1
35865,36107,36185,-78,0,1,1
36401,36137,36185,-49,0,0,1
36083,36131,36185,-54,0,0,1
36044,36123,36185,-62,0,0,1
36222,36132,36185,-52,0,0,1
36103,36130,36185,-55,0,0,1
36123,36129,36185,-56,0,0,1
36083,36124,36184,-60,0,0,1
35905,36102,36184,-82,0,1,1
36083,36100,36184,-83,0,2,1
35865,36077,36183,-106,0,3,1
36064,36076,36183,-107,0,4,1
35885,36057,36182,-126,0,5,1
36441,36095,36183,-88,0,6,1
36262,36112,36183,-71,0,7,1
36004,36101,36183,-82,0,8,1
36083,36099,36182,-83,0,9,1
35845,36074,36182,-108,0,10,1
35845,36051,36181,-130,0,11,1
35905,36036,36181,-144,0,12,1
35865,36019,36180,-161,0,13,1
36143,36031,36180,-148,0,14,1
35845,36013,36179,-166,0,15,1
35984,36010,36179,-169,0,16,1
36183,36027,36179,-152,0,17,1
35845,36009,36178,-169,0,18,1
35984,36007,36178,-171,0,19,1
35805,35986,36177,-191,0,20,1
35984,35986,36177,-190,0,21,1
36103,35998,36176,-179,0,22,1
35845,35983,36176,-193,0,23,1
35805,35965,36175,-210,0,24,1
35666,35935,36174,-239,0,25,1
35885,35930,36173,-244,0,26,1
35706,35908,36173,-265,0,27,1
35885,35905,36172,-267,0,28,1
36123,35927,36172,-245,0,29,1
35746,35909,36171,-262,0,30,1
36083,35926,36171,-245,0,31,1
35805,35914,36170,-256,0,32,1
35845,35907,36169,-262,0,33,1
35964,35913,36169,-256,0,34,1
35845,35906,36168,-262,0,35,1
35805,35896,36168,-272,0,36,1
35805,35887,36167,-280,0,37,1
35845,35883,36166,-284,0,38,1
35885,35883,36166,-283,0,39,1
36083,35903,36166,-263,0,40,1
35845,35897,36165,-268,0,41,1
35706,35878,36164,-286,0,42,1
35706,35861,36163,-302,0,43,1
35746,35849,36162,-313,0,44,1
35905,35855,36162,-307,0,45,1
35845,35854,36161,-307,0,46,1
35885,35857,36161,-304,0,47,1
35845,35856,36160,-304,0,48,1
35925,35863,36160,-297,0,49,1
35805,35857,36159,-302,0,50,1
35885,35860,36158,-299,0,51,1
36083,35882,36158,-276,0,52,1
35885,35882,36158,-275,0,53,1
35964,35891,36157,-267,0,54,1
35587,35860,36156,-296,0,55,1
35805,35855,36155,-301,0,56,1
35805,35850,36155,-305,0,57,1
35647,35829,36154,-324,0,58,1
35805,35827,36153,-326,0,59,1
35706,35815,36152,-337,0,60,1
35746,35808,36151,-343,0,61,1
35805,35808,36151,-343,0,62,1
35865,35813,36150,-337,0,63,1
36044,35836,36150,-313,0,64,1
35468,35800,36149,-349,0,65,1
35845,35804,36148,-344,0,66,1
35805,35804,36147,-343,0,67,1
35984,35770,35746,23,0,0,0
36123,35805,35747,58,0,0,0
36342,35859,35748,110,0,1,0
36123,35885,35749,136,0,2,0
35190,35816,35748,68,0,0,0
33621,35596,35744,-148,0,1,0
4508,32487,35681,-3194,0,2,0
5838,29822,35622,-5799,0,3,0
36501,30490,35623,-5133,0,4,0
36481,31089,35625,-4536,1,0,1
36262,31607,35626,-4020,0,1,1
36322,32078,35628,-3550,0,2,1
36103,32481,35629,-3148,0,3,1
36203,32853,35630,-2777,0,4,1
36183,33186,35631,-2445,0,5,1
36203,33488,35632,-2145,0,6,1
36083,33747,35633,-1886,0,7,1
36262,33999,35634,-1636,0,8,1
36342,34233,35636,-1403,0,9,1
36123,34422,35637,-1215,0,10,1
36183,34598,35638,-1040,0,11,1
36044,34743,35639,-896,0,12,1
36083,34877,35640,-763,0,13,1
36540,35043,35641,-598,0,14,1
36222,35161,35642,-482,0,15,1
36004,35245,35643,-398,0,16,1
36242,35345,35644,-300,0,17,1
36183,35429,35645,-217,0,18,1
36143,35500,35646,-146,0,19,1
36183,35568,35648,-79,0,20,1
36163,35628,35649,-21,0,0,1
36123,35677,35650,28,0,0,1
36222,35732,35651,81,0,1,1
36242,35783,35652,131,0,2,1
36322,35837,35653,184,0,3,1
36262,35879,35654,225,0,4,1
36242,35916,35656,260,0,5,1
36242,35948,35657,291,0,6,1
36262,35980,35658,322,0,7,1
36361,36018,35659,358,0,8,1
36203,36036,35660,376,0,9,1
36083,36041,35661,380,0,10,1
36083,36045,35662,383,0,11,1
36103,36051,35663,388,0,12,1
36123,36058,35664,394,0,13,1
36123,36065,35665,400,0,14,1
36302,36088,35666,422,0,15,1
36421,36122,35668,454,0,16,1
36203,36130,35669,461,0,17,1
36044,36121,35670,452,0,18,1
36183,36127,35671,457,0,19,1
36083,36123,35671,451,0,20,1
36262,36137,35673,464,0,21,1
36103,36133,35673,460,0,22,1
36163,36136,35674,462,0,23,1
36262,36149,35676,473,0,24,1
36064,36140,35676,464,0,25,1
36322,36159,35678,481,0,26,1
36123,36155,35679,476,0,27,1
36441,36184,35680,504,0,28,1
36143,36180,35681,499,0,29,1
36203,36182,35682,500,0,30,1
35865,36150,35682,468,0,31,1
36123,36147,35683,464,0,32,1
35964,36129,35684,445,0,33,1
36123,36129,35685,444,0,34,1
36004,36116,35685,431,0,35,1
36262,36131,35687,444,0,36,1
36183,36136,35688,448,0,37,1
36421,36164,35689,475,0,38,1
36659,36214,35691,523,0,39,1
36123,36205,35692,513,0,40,1
36242,36208,35693,516,0,41,1
36143,36202,35694,508,0,42,1
36183,36200,35695,505,0,43,1
36004,36180,35695,485,0,44,1
36183,36181,35696,484,0,45,1
36183,36181,35697,484,0,46,1
36262,36189,35698,491,0,47,1
36361,36206,35700,506,0,48,1
36183,36204,35701,503,0,49,1
36163,36200,35702,498,0,50,1
36739,36254,35704,550,0,51,1
36361,36264,35705,559,0,52,1
36143,36252,35706,546,0,53,1
36262,36253,35707,546,0,54,1
36222,36250,35708,542,0,55,1
36123,36237,35709,528,0,56,1
36222,36236,35710,526,0,57,1
36183,36231,35711,520,0,58,1
36004,36208,35712,496,0,59,1
35984,36186,35712,473,0,60,1
35984,36165,35713,453,0,61,1
36401,36189,35714,475,0,62,1
36123,36182,35715,468,0,63,1
36123,36176,35716,461,0,64,1
36083,36167,35716,451,0,65,1
36183,36169,35717,451,0,66,1
36262,36178,35718,460,0,67,1
36123,36172,35719,453,0,68,1
36481,36203,35721,483,0,69,1
36123,36195,35722,474,0,70,1
36083,36184,35722,462,0,71,1
36123,36178,35723,455,0,72,1
36123,36172,35724,449,0,73,1
36620,36217,35726,492,0,74,1
36302,36226,35727,499,0,75,1
36143,36217,35728,490,0,76,1
36123,36208,35728,479,0,77,1
36342,36221,35730,492,0,78,1
36262,36225,35731,495,0,79,1
36143,36217,35732,486,0,80,1
36123,36208,35732,475,0,81,1
36242,36211,35733,478,0,82,1
35984,36188,35734,455,0,83,1
36044,36174,35735,439,0,84,1
36262,36183,35736,447,0,85,1
36481,36213,35737,476,0,86,1
36361,36227,35738,489,0,87,1
35984,36203,35739,464,0,88,1
36262,36209,35740,469,0,89,1
36361,36224,35741,483,0,90,1
36044,36206,35742,464,0,91,1
35984,36184,35742,442,0,92,1
36302,36196,35743,452,0,93,1
36044,36181,35744,437,0,94,1
36163,36179,35745,434,0,95,1
36103,36171,35746,426,0,96,1
36481,36202,35747,455,0,97,1
36242,36206,35748,458,0,98,1
36183,36204,35749,455,0,99,1
36183,36202,35750,452,0,100,1
36123,36194,35750,443,0,101,1
36183,36193,35751,441,0,102,1
36203,36194,35752,442,0,103,1
36143,36189,35753,436,0,104,1
36083,36178,35754,424,0,105,1
36361,36196,35755,442,0,106,1
36163,36193,35756,437,0,107,1
36044,36178,35756,422,0,108,1
36699,36230,35758,472,0,109,1
36262,36233,35759,474,0,110,1
36322,36242,35760,482,0,111,1
36064,36224,35761,464,0,112,1
36262,36228,35762,466,0,113,1
36083,36214,35763,451,0,114,1
36103,36203,35763,439,0,115,1
36083,36191,35764,427,0,116,1
35964,36168,35764,404,0,117,1
36083,36159,35765,395,0,118,1
36262,36170,35766,404,0,119,1
36779,36231,35768,463,0,120,1
36361,36244,35769,475,0,121,1
36242,36244,35770,473,0,122,1
36222,36241,35771,470,0,123,1
36123,36230,35772,458,0,124,1
36262,36233,35773,460,0,125,1
36123,36222,35773,448,0,126,1
36044,36204,35774,430,0,127,1
36123,36196,35775,421,0,128,1
36044,36181,35775,406,0,129,1
36163,36179,35776,403,0,130,1
35984,36159,35776,383,0,131,1
36739,36217,35778,439,0,132,1
36183,36214,35779,435,0,133,1
36083,36201,35780,421,0,134,1
36361,36217,35781,436,0,135,1
36044,36200,35782,418,0,136,1
36222,36202,35782,419,0,137,1
36183,36200,35783,417,0,138,1
36143,36194,35784,410,0,139,1
36103,36185,35785,401,0,140,1
36302,36197,35786,411,0,141,1
36083,36185,35786,399,0,142,1
36222,36189,35787,402,0,143,1
36679,36238,35789,449,0,144,1
36183,36233,35790,443,0,145,1
36262,36236,35791,445,0,146,1
36064,36218,35791,427,0,147,1
36064,36203,35792,411,0,148,1
36441,36227,35793,434,0,149,1
36262,36230,35794,436,0,150,1
36123,36220,35795,425,0,151,1
36123,36210,35795,415,0,152,1
36302,36219,35796,423,0,153,1
35944,36192,35797,395,0,154,1
36401,36213,35798,415,0,155,1
36421,36233,35799,434,0,156,1
35885,36199,35799,399,0,157,1
36302,36209,35800,409,0,158,1
35984,36186,35801,386,0,159,1
36342,36202,35802,400,0,160,1
36064,36188,35802,386,0,161,1
36481,36217,35804,414,0,162,1
36064,36202,35804,398,0,163,1
36222,36204,35805,399,0,164,1
36183,36202,35806,396,0,165,1
35964,36178,35806,372,0,166,1
36719,36232,35808,424,0,167,1
36123,36221,35808,413,0,168,1
36163,36215,35809,406,0,169,1
35964,36190,35809,381,0,170,1
36262,36197,35810,387,0,171,1
36222,36200,35811,389,0,172,1
36083,36188,35812,377,0,173,1
36083,36178,35812,365,0,174,1
36044,36164,35813,352,0,175,1
36242,36172,35814,358,0,176,1
36342,36189,35815,374,0,177,1
36044,36175,35815,359,0,178,1
36361,36193,35816,377,0,179,1
36322,36206,35817,389,0,180,1
36123,36198,35818,380,0,181,1
36123,36190,35818,372,0,182,1
36342,36205,35820,386,0,183,1
36083,36193,35820,373,0,184,1
36401,36214,35821,393,0,185,1
35905,36183,35821,362,0,186,1
36361,36201,35823,378,0,187,1
36222,36203,35823,380,0,188,1
36242,36207,35824,383,0,189,1
36183,36204,35825,380,0,190,1
36361,36220,35826,394,0,191,1
36481,36246,35827,419,0,192,1
36103,36232,35828,404,0,193,1
36302,36239,35829,410,0,194,1
36083,36223,35829,394,0,195,1
36262,36227,35830,397,0,196,1
36183,36223,35831,392,0,197,1
36203,36221,35832,389,0,198,1
36183,36217,35832,385,0,199,1
36004,36196,35833,363,0,200,1
36123,36188,35833,355,0,201,1
36083,36178,35834,344,0,202,1
36580,36218,35835,383,0,203,1
36242,36220,35836,384,0,204,1
36222,36221,35837,384,0,205,1
36242,36223,35838,385,0,206,1
36123,36213,35838,375,0,207,1
36183,36210,35839,371,0,208,1
36083,36197,35839,358,0,209,1
36262,36204,35840,363,0,210,1
36302,36213,35841,372,0,211,1
36203,36212,35842,370,0,212,1
36540,36245,35843,402,0,213,1
36421,36263,35844,418,0,214,1
36262,36263,35845,417,0,215,1
36222,36259,35846,413,0,216,1
36183,36251,35847,404,0,217,1
36401,36266,35848,418,0,218,1
36183,36258,35849,409,0,219,1
36401,36272,35850,422,0,220,1
36183,36263,35850,413,0,221,1
36183,36255,35851,404,0,222,1
36083,36238,35852,386,0,223,1
36123,36226,35852,374,0,224,1
36123,36216,35853,363,0,225,1
36659,36260,35854,406,0,226,1
36361,36270,35855,415,0,227,1
36123,36256,35856,400,0,228,1
36123,36242,35856,386,0,229,1
36143,36232,35857,376,0,230,1
36083,36218,35857,360,0,231,1
36262,36222,35858,364,0,232,1
36262,36226,35859,367,0,233,1
36361,36239,35860,379,0,234,1
36222,36238,35861,377,0,235,1
36103,36224,35861,363,0,236,1
36580,36260,35863,397,0,237,1
36183,36252,35863,389,0,238,1
36163,36243,35864,379,0,239,1
36342,36253,35865,388,0,240,1
36123,36240,35865,375,0,241,1
36262,36242,35866,376,0,242,1
36044,36222,35867,356,0,243,1
36163,36216,35867,349,0,244,1
35964,36191,35867,324,0,245,1
36361,36208,35868,340,0,246,1
36123,36200,35869,331,0,247,1
36262,36206,35870,336,0,248,1
36481,36233,35871,363,0,249,1
36004,36210,35871,339,0,250,1
36183,36208,35872,336,0,251,1
36242,36211,35872,339,0,252,1
36203,36210,35873,337,0,253,1
36163,36206,35874,332,0,254,1
36302,36215,35875,341,0,255,1
36103,36204,35875,329,0,256,1
36361,36220,35876,344,0,257,1
36103,36208,35876,332,0,258,1
36143,36202,35877,324,0,259,1
36183,36200,35878,322,0,260,1
36481,36228,35879,349,0,261,1
36421,36247,35880,367,0,262,1
36342,36257,35881,376,0,263,1
36143,36245,35881,364,0,264,1
36342,36255,35882,373,0,265,1
36183,36248,35883,365,0,266,1
36103,36233,35883,350,0,267,1
35984,36208,35884,325,0,268,1
36103,36198,35884,314,0,269,1
36143,36192,35885,308,0,270,1
36203,36193,35885,308,0,271,1
36679,36242,35887,355,0,272,1
36103,36228,35887,341,0,273,1
36123,36218,35888,330,0,274,1
36064,36202,35888,314,0,275,1
36262,36208,35889,319,0,276,1
36044,36192,35889,303,0,277,1
36203,36193,35890,303,0,278,1
35984,36172,35890,282,0,279,1
36123,36167,35890,277,0,280,1
36143,36165,35891,274,0,281,1
36361,36184,35892,292,0,282,1
36183,36184,35892,292,0,283,1
36501,36216,35894,322,0,284,1
36361,36230,35895,336,0,285,1
36044,36212,35895,317,0,286,1
36342,36225,35896,329,0,287,1
36342,36236,35897,340,0,288,1
36262,36239,35897,342,0,289,1
36262,36241,35898,343,0,290,1
36342,36251,35899,352,0,291,1
36322,36258,35900,359,0,292,1
36083,36241,35900,341,0,293,1
36044,36221,35901,321,0,294,1
36659,36265,35902,363,0,295,1
36262,36265,35903,362,0,296,1
36044,36243,35903,340,0,297,1
36083,36227,35903,323,0,298,1
36123,36216,35904,312,0,299,1
36064,36201,35904,297,0,300,1
36163,36197,35905,293,0,301,1
36203,36198,35905,293,0,302,1
36322,36210,35906,304,0,303,1
36064,36196,35906,289,0,304,1
36441,36220,35908,313,0,305,1
36143,36212,35908,304,0,306,1
36580,36249,35909,340,0,307,1
36481,36272,35910,362,0,308,1
36242,36269,35911,358,0,309,1
36401,36282,35912,370,0,310,1
36083,36263,35912,350,0,311,1
36361,36272,35913,359,0,312,1
36123,36257,35914,344,0,313,1
36103,36242,35914,328,0,314,1
36083,36226,35915,312,0,315,1
36183,36222,35915,307,0,316,1
36123,36212,35915,296,0,317,1
36203,36211,35916,295,0,318,1
36421,36232,35917,315,0,319,1
36342,36243,35918,325,0,320,1
36123,36231,35918,313,0,321,1
36163,36224,35919,305,0,322,1
36103,36212,35919,293,0,323,1
36302,36221,35920,301,0,324,1
36143,36213,35920,293,0,325,1
36143,36206,35921,285,0,326,1
36183,36204,35921,282,0,327,1
36322,36216,35922,293,0,328,1
36103,36204,35923,282,0,329,1
36421,36226,35924,302,0,330,1
36361,36240,35924,315,0,331,1
36421,36258,35925,332,0,332,1
36361,36268,35926,342,0,333,1
36163,36258,35927,331,0,334,1
36441,36276,35928,348,0,335,1
36103,36259,35928,330,0,336,1
36222,36255,35929,326,0,337,1
35925,36222,35929,293,0,338,1
36083,36208,35929,279,0,339,1
36103,36198,35929,268,0,340,1
36044,36182,35930,252,0,341,1
36342,36198,35931,268,0,342,1
36262,36205,35931,273,0,343,1
36222,36206,35932,274,0,344,1
36103,36196,35932,264,0,345,1
36302,36207,35933,274,0,346,1
36103,36196,35933,263,0,347,1
36322,36209,35934,275,0,348,1
36401,36228,35935,293,0,349,1
36064,36212,35935,276,0,350,1
36342,36225,35936,289,0,351,1
36143,36216,35936,280,0,352,1
36580,36253,35938,315,0,353,1
36222,36250,35938,311,0,354,1
36481,36273,35939,334,0,355,1
36123,36258,35940,318,0,356,1
36361,36268,35941,328,0,357,1
36143,36256,35941,315,0,358,1
36222,36252,35942,311,0,359,1
36083,36235,35942,294,0,360,1
36103,36222,35942,280,0,361,1
36103,36210,35943,268,0,362,1
36203,36209,35943,266,0,363,1
36103,36199,35943,255,0,364,1
36540,36233,35945,288,0,365,1
36401,36250,35945,304,0,366,1
36143,36239,35946,293,0,367,1
36242,36239,35947,293,0,368,1
36123,36228,35947,281,0,369,1
36103,36215,35947,268,0,370,1
36123,36206,35948,258,0,371,1
36004,36186,35948,238,0,372,1
36342,36201,35948,253,0,373,1
36103,36192,35949,243,0,374,1
36361,36209,35950,259,0,375,1
35964,36184,35950,234,0,376,1
36640,36230,35951,279,0,377,1
36262,36233,35952,281,0,378,1
36103,36220,35952,268,0,379,1
36262,36224,35953,272,0,380,1
36361,36238,35953,284,0,381,1
36242,36238,35954,284,0,382,1
36580,36272,35955,317,0,383,1
36143,36259,35956,304,0,384,1
36361,36270,35956,313,0,385,1
36083,36251,35957,294,0,386,1
36083,36234,35957,277,0,387,1
36779,36289,35959,330,0,388,1
36123,36272,35959,313,0,389,1
36441,36289,35960,329,0,390,1
36361,36296,35961,335,0,391,1
36143,36281,35961,320,0,392,1
36262,36279,35962,317,0,393,1
36083,36259,35962,297,0,394,1
36322,36266,35963,303,0,395,1
36083,36247,35963,284,0,396,1
36441,36267,35964,303,0,397,1
36103,36250,35964,286,0,398,1
35984,36224,35964,259,0,399,1
36858,36287,35966,321,0,400,1
36083,36267,35966,301,0,401,1
36600,36300,35967,333,0,402,1
36103,36280,35968,313,0,403,1
36083,36261,35968,293,0,404,1
36103,36245,35968,277,0,405,1
35984,36219,35968,250,0,406,1
36143,36211,35969,243,0,407,1
36163,36206,35969,237,0,408,1
36183,36204,35969,235,0,409,1
36262,36210,35970,240,0,410,1
36501,36239,35971,268,0,411,1
36123,36227,35971,256,0,412,1
36222,36227,35972,255,0,413,1
36083,36212,35972,240,0,414,1
36064,36198,35972,225,0,415,1
36302,36208,35973,235,0,416,1
36143,36201,35973,228,0,417,1
36183,36200,35974,226,0,418,1
36222,36202,35974,228,0,419,1
36183,36200,35975,225,0,420,1
36322,36212,35975,237,0,421,1
36361,36227,35976,251,0,422,1
36679,36272,35978,295,0,423,1
36143,36259,35978,281,0,424,1
36600,36293,35979,314,0,425,1
36183,36282,35980,303,0,426,1
36183,36272,35980,292,0,427,1
36183,36263,35980,283,0,428,1
36242,36261,35981,280,0,429,1
36183,36253,35981,272,0,430,1
36242,36252,35982,270,0,431,1
36322,36259,35983,277,0,432,1
36183,36252,35983,269,0,433,1
36262,36253,35984,269,0,434,1
36620,36289,35985,305,0,435,1
36044,36265,35985,280,0,436,1
36203,36259,35985,273,0,437,1
36103,36243,35986,258,0,438,1
36342,36253,35986,267,0,439,1
36163,36244,35987,257,0,440,1
36262,36246,35987,259,0,441,1
36203,36242,35988,254,0,442,1
36361,36253,35988,265,0,443,1
36322,36260,35989,271,0,444,1
36143,36249,35989,259,0,445,1
36600,36284,35991,293,0,446,1
36044,36260,35991,269,0,447,1
36262,36260,35991,269,0,448,1
36183,36252,35992,261,0,449,1
36183,36245,35992,253,0,450,1
36083,36229,35992,237,0,451,1
36222,36228,35993,236,0,452,1
36242,36230,35993,237,0,453,1
36342,36241,35994,247,0,454,1
36183,36235,35994,241,0,455,1
36441,36256,35995,261,0,456,1
36123,36242,35995,247,0,457,1
36421,36260,35996,264,0,458,1
36203,36255,35997,258,0,459,1
36123,36241,35997,245,0,460,1
36262,36243,35997,246,0,461,1
36163,36235,35998,238,0,462,1
36262,36238,35998,240,0,463,1
36203,36235,35999,236,0,464,1
36183,36229,35999,230,0,465,1
36262,36233,36000,233,0,466,1
36203,36230,36000,230,0,467,1
36302,36237,36001,236,0,468,1
36501,36263,36002,262,0,469,1
36183,36255,36002,253,0,470,1
36262,36256,36003,253,0,471,1
36361,36266,36003,263,0,472,1
36242,36264,36004,260,0,473,1
36361,36274,36004,269,0,474,1
36163,36263,36005,258,0,475,1
36044,36241,36005,236,0,476,1
36183,36235,36005,230,0,477,1
36262,36238,36006,232,0,478,1
36123,36226,36006,220,0,479,1
36183,36222,36006,216,0,480,1
36441,36244,36007,237,0,481,1
36143,36234,36008,226,0,482,1
36203,36231,36008,223,0,483,1
35984,36206,36008,198,0,484,1
36242,36210,36008,201,0,485,1
36183,36207,36009,198,0,486,1
36262,36212,36009,203,0,487,1
36163,36207,36010,198,0,488,1
36242,36211,36010,201,0,489,1
36262,36216,36011,205,0,490,1
36242,36219,36011,208,0,491,1
36262,36223,36012,211,0,492,1
36421,36243,36012,230,0,493,1
35964,36215,36012,203,0,494,1
36361,36229,36013,217,0,495,1
36322,36239,36014,225,0,496,1
36123,36227,36014,213,0,497,1
36203,36225,36014,211,0,498,1
36302,36232,36015,218,0,499,1
36083,36217,36015,203,0,500,1
36203,36216,36015,201,0,501,1
36361,36231,36016,215,0,502,1
36103,36218,36016,202,0,503,1
36262,36222,36017,206,0,504,1
36699,36270,36018,252,0,505,1
36083,36251,36018,233,0,506,1
36342,36260,36019,241,0,507,1
36064,36241,36019,222,0,508,1
36242,36241,36019,221,0,509,1
36123,36229,36020,209,0,510,1
36183,36224,36020,205,0,511,1
36183,36220,36020,200,0,512,1
36163,36215,36020,194,0,513,1
36083,36201,36021,181,0,514,1
36262,36207,36021,186,0,515,1
35984,36185,36021,164,0,516,1
36481,36215,36022,193,0,517,1
36123,36206,36022,183,0,518,1
36103,36195,36022,173,0,519,1
36123,36188,36022,166,0,520,1
36163,36186,36023,163,0,521,1
36163,36183,36023,160,0,522,1
36123,36177,36023,154,0,523,1
36163,36176,36024,152,0,524,1
36163,36175,36024,151,0,525,1
36401,36197,36025,173,0,526,1
36123,36190,36025,165,0,527,1
36481,36219,36026,193,0,528,1
36044,36201,36026,176,0,529,1
36222,36203,36026,177,0,530,1
36262,36209,36027,183,0,531,1
36123,36201,36027,174,0,532,1
36143,36195,36027,168,0,533,1
36123,36188,36027,160,0,534,1
36242,36193,36028,165,0,535,1
36083,36182,36028,154,0,536,1
36481,36212,36029,183,0,537,1
36183,36209,36029,180,0,538,1
36203,36208,36029,179,0,539,1
36401,36228,36030,198,0,540,1
36222,36227,36030,197,0,541,1
36183,36223,36031,192,0,542,1
36163,36217,36031,186,0,543,1
36103,36205,36031,174,0,544,1
36044,36189,36031,158,0,545,1
36103,36181,36031,149,0,546,1
36143,36177,36032,145,0,547,1
36143,36173,36032,142,0,548,1
36203,36176,36032,144,0,549,1
36242,36183,36033,150,0,550,1
36481,36213,36034,179,0,551,1
36064,36198,36034,164,0,552,1
36083,36186,36034,153,0,553,1
36183,36186,36034,152,0,554,1
35984,36166,36034,132,0,555,1
36143,36164,36034,129,0,556,1
35944,36142,36034,108,0,557,1
36421,36170,36035,135,0,558,1
36103,36163,36035,128,0,559,1
36222,36169,36035,134,0,560,1
36302,36182,36036,146,0,561,1
36044,36168,36036,132,0,562,1
36361,36188,36036,151,0,563,1
36064,36175,36037,139,0,564,1
36361,36194,36037,157,0,565,1
36083,36183,36037,145,0,566,1
36123,36177,36037,139,0,567,1
36262,36185,36038,147,0,568,1
36322,36199,36039,160,0,569,1
36083,36187,36039,149,0,570,1
36203,36189,36039,150,0,571,1
36083,36178,36039,139,0,572,1
36203,36181,36039,141,0,573,1
36123,36175,36040,135,0,574,1
36600,36217,36041,177,0,575,1
36083,36204,36041,163,0,576,1
36302,36214,36041,173,0,577,1
36083,36201,36041,159,0,578,1
36044,36185,36041,144,0,579,1
36083,36175,36042,133,0,580,1
36262,36184,36042,142,0,581,1
36183,36184,36042,141,0,582,1
36183,36183,36043,141,0,583,1
36302,36195,36043,152,0,584,1
36044,36180,36043,137,0,585,1
36342,36196,36044,153,0,586,1
36163,36193,36044,149,0,587,1
36302,36204,36044,159,0,588,1
36123,36196,36045,151,0,589,1
36083,36185,36045,140,0,590,1
36083,36174,36045,130,0,591,1
36262,36183,36045,138,0,592,1
36143,36179,36045,134,0,593,1
36222,36183,36046,138,0,594,1
36103,36175,36046,129,0,595,1
36143,36172,36046,126,0,596,1
36064,36161,36046,115,0,597,1
36640,36209,36047,162,0,598,1
36143,36203,36048,155,0,599,1
35984,36181,36047,133,0,600,1
36262,36189,36048,141,0,601,1
36183,36188,36048,140,0,602,1
36302,36200,36049,151,0,603,1
36222,36202,36049,153,0,604,1
36361,36218,36050,168,0,605,1
36203,36216,36050,166,0,606,1
36083,36203,36050,153,0,607,1
36044,36187,36050,137,0,608,1
36580,36226,36051,175,0,609,1
35984,36202,36051,151,0,610,1
36203,36202,36051,151,0,611,1
36123,36194,36051,143,0,612,1
36083,36183,36051,132,0,613,1
36064,36171,36051,120,0,614,1
36143,36168,36052,117,0,615,1
36083,36160,36052,108,0,616,1
36322,36176,36052,124,0,617,1
36143,36173,36052,120,0,618,1
36222,36178,36053,125,0,619,1
36600,36220,36054,166,0,620,1
36342,36232,36054,178,0,621,1
36123,36221,36055,167,0,622,1
36322,36231,36055,176,0,623,1
36103,36218,36055,163,0,624,1
36064,36203,36055,148,0,625,1
36123,36195,36055,140,0,626,1
36044,36180,36055,125,0,627,1
36242,36186,36056,130,0,628,1
36322,36200,36056,143,0,629,1
36183,36198,36057,141,0,630,1
36083,36187,36057,130,0,631,1
36044,36172,36057,116,0,632,1
36739,36229,36058,171,0,633,1
36083,36214,36058,156,0,634,1
36123,36205,36058,147,0,635,1
36342,36219,36059,160,0,636,1
36123,36209,36059,150,0,637,1
36064,36195,36059,136,0,638,1
36163,36192,36059,133,0,639,1
36064,36179,36059,120,0,640,1
36083,36169,36059,110,0,641,1
35984,36151,36059,92,0,642,1
36222,36158,36059,99,0,643,1
36679,36210,36061,149,0,644,1
35964,36185,36060,125,0,645,1
36163,36183,36061,123,0,646,1
36222,36187,36061,126,0,647,1
36163,36185,36061,124,0,648,1
36123,36178,36061,117,0,649,1
36143,36175,36061,114,0,650,1
36183,36176,36062,114,0,651,1
36143,36172,36062,111,0,652,1
36044,36160,36062,98,0,653,1
36123,36156,36062,94,0,654,1
36103,36151,36062,89,0,655,1
36342,36170,36062,107,0,656,1
36242,36177,36063,114,0,657,1
36083,36168,36063,105,0,658,1
36242,36175,36063,112,0,659,1
36004,36158,36063,95,0,660,1
36163,36158,36063,95,0,661,1
36183,36161,36064,97,0,662,1
36044,36149,36064,86,0,663,1
36302,36164,36064,100,0,664,1
36083,36156,36064,92,0,665,1
36163,36157,36064,93,0,666,1
36501,36191,36065,126,0,667,1
36481,36220,36066,154,0,668,1
36044,36203,36066,137,0,669,1
36222,36205,36066,138,0,670,1
36123,36196,36066,130,0,671,1
36143,36191,36067,125,0,672,1
36103,36182,36067,116,0,673,1
36262,36190,36067,123,0,674,1
35984,36170,36067,103,0,675,1
36342,36187,36067,119,0,676,1
36123,36180,36068,113,0,677,1
36083,36171,36068,103,0,678,1
36719,36226,36069,157,0,679,1
36044,36207,36069,139,0,680,1
36481,36235,36070,165,0,681,1
36123,36224,36070,154,0,682,1
36083,36210,36070,140,0,683,1
36143,36203,36070,133,0,684,1
36044,36187,36070,117,0,685,1
36322,36200,36070,130,0,686,1
36242,36205,36071,134,0,687,1
36044,36189,36071,118,0,688,1
36163,36186,36071,115,0,689,1
36242,36192,36071,120,0,690,1
36620,36234,36072,162,0,691,1
36361,36247,36073,174,0,692,1
36183,36241,36073,168,0,693,1
36342,36251,36074,177,0,694,1
36421,36268,36074,193,0,695,1
36103,36251,36074,177,0,696,1
36044,36231,36074,156,0,697,1
36123,36220,36074,145,0,698,1
36064,36204,36074,130,0,699,1
36143,36198,36075,124,0,700,1
36342,36213,36075,137,0,701,1
36600,36251,36076,175,0,702,1
36143,36240,36076,164,0,703,1
36481,36264,36077,187,0,704,1
36143,36252,36077,175,0,705,1
36262,36253,36078,176,0,706,1
36242,36252,36078,174,0,707,1
35984,36225,36078,148,0,708,1
36302,36233,36078,155,0,709,1
36044,36214,36078,136,0,710,1
36262,36219,36079,140,0,711,1
36242,36221,36079,142,0,712,1
36123,36211,36079,132,0,713,1
36580,36248,36080,168,0,714,1
36302,36254,36080,173,0,715,1
36203,36249,36081,168,0,716,1
36242,36248,36081,167,0,717,1
36361,36259,36082,178,0,718,1
36004,36234,36081,152,0,719,1
36103,36221,36081,139,0,720,1
36103,36209,36081,127,0,721,1
36143,36202,36082,121,0,722,1
36222,36204,36082,122,0,723,1
36222,36206,36082,124,0,724,1
36302,36216,36083,133,0,725,1
36679,36262,36084,178,0,726,1
36242,36260,36084,176,0,727,1
36064,36240,36084,156,0,728,1
36163,36233,36084,148,0,729,1
36183,36228,36084,143,0,730,1
36262,36231,36085,146,0,731,1
36183,36226,36085,141,0,732,1
36222,36226,36085,141,0,733,1
36262,36229,36086,144,0,734,1
36302,36237,36086,151,0,735,1
36183,36231,36086,145,0,736,1
36361,36244,36087,157,0,737,1
36600,36280,36088,192,0,738,1
36361,36288,36088,200,0,739,1
36064,36266,36088,177,0,740,1
36044,36243,36088,155,0,741,1
36361,36255,36089,166,0,742,1
36123,36242,36089,153,0,743,1
36322,36250,36089,161,0,744,1
36143,36239,36089,150,0,745,1
36361,36251,36090,161,0,746,1
36083,36235,36090,145,0,747,1
36401,36251,36091,161,0,748,1
36143,36240,36091,150,0,749,1
36361,36252,36091,161,0,750,1
36322,36259,36092,168,0,751,1
36103,36244,36092,152,0,752,1
36083,36228,36092,136,0,753,1
36361,36241,36092,149,0,754,1
36183,36235,36093,143,0,755,1
36361,36248,36093,155,0,756,1
36183,36241,36093,148,0,757,1
36083,36225,36093,132,0,758,1
36083,36211,36093,118,0,759,1
36242,36214,36094,121,0,760,1
36640,36257,36095,162,0,761,1
36262,36257,36095,162,0,762,1
36123,36244,36095,149,0,763,1
36103,36230,36095,135,0,764,1
36044,36211,36095,116,0,765,1
36203,36210,36095,115,0,766,1
36064,36196,36095,101,0,767,1
36262,36202,36095,107,0,768,1
36222,36204,36096,109,0,769,1
36163,36200,36096,104,0,770,1
36262,36206,36096,110,0,771,1
36143,36200,36096,104,0,772,1
36679,36248,36097,150,0,773,1
36242,36247,36098,150,0,774,1
36123,36235,36098,137,0,775,1
36183,36230,36098,132,0,776,1
36123,36219,36098,121,0,777,1
36183,36215,36098,117,0,778,1
36103,36204,36098,106,0,779,1
36143,36198,36098,100,0,780,1
36203,36199,36099,100,0,781,1
36064,36185,36099,87,0,782,1
36203,36187,36099,88,0,783,1
36481,36216,36099,117,0,784,1
36302,36225,36100,125,0,785,1
36262,36229,36100,128,0,786,1
36004,36206,36100,106,0,787,1
36103,36196,36100,96,0,788,1
36064,36183,36100,83,0,789,1
36083,36173,36100,73,0,790,1
36083,36164,36100,64,0,0,1
36143,36162,36100,62,0,0,1
36064,36152,36100,52,0,0,1
36262,36163,36100,63,0,0,1
36203,36167,36100,66,0,0,1
36719,36222,36102,120,0,1,1
36143,36214,36102,112,0,2,1
36242,36217,36102,115,0,3,1
36123,36208,36102,105,0,4,1
36242,36211,36102,109,0,5,1
36143,36204,36102,102,0,6,1
36183,36202,36103,99,0,7,1
36083,36190,36103,88,0,8,1
36183,36189,36103,87,0,9,1
36083,36179,36103,76,0,10,1
36222,36183,36103,80,0,11,1
36123,36177,36103,74,0,12,1
36421,36201,36104,98,0,13,1
36421,36223,36104,119,0,14,1
36044,36205,36104,101,0,15,1
35984,36183,36104,79,0,16,1
36401,36205,36105,101,0,17,1
36044,36189,36104,85,0,18,1
36361,36206,36105,101,0,19,1
36044,36190,36105,85,0,20,1
36322,36203,36105,98,0,21,1
36222,36205,36105,100,0,22,1
36361,36221,36106,115,0,23,1
36501,36249,36107,142,0,24,1
36143,36238,36107,131,0,25,1
36183,36233,36107,126,0,26,1
36123,36222,36107,115,0,27,1
36242,36224,36107,116,0,28,1
36143,36216,36107,108,0,29,1
36421,36236,36108,128,0,30,1
36183,36231,36108,123,0,31,1
36501,36258,36109,149,0,32,1
36064,36238,36109,130,0,33,1
36123,36227,36109,118,0,34,1
36083,36212,36109,104,0,35,1
36401,36231,36109,122,0,36,1
36322,36240,36110,130,0,37,1
36103,36227,36110,117,0,38,1
36183,36222,36110,112,0,39,1
36183,36218,36110,108,0,40,1
36083,36205,36110,95,0,41,1
36262,36211,36110,100,0,42,1
36083,36198,36110,87,0,43,1
36361,36214,36111,103,0,44,1
36302,36223,36111,112,0,45,1
36242,36225,36112,113,0,46,1
36481,36250,36112,138,0,47,1
36103,36236,36112,123,0,48,1
36044,36217,36112,104,0,49,1
36361,36231,36113,118,0,50,1
36123,36220,36113,107,0,51,1
36401,36238,36113,125,0,52,1
36083,36223,36113,110,0,53,1
36361,36237,36114,123,0,54,1
36103,36223,36114,110,0,55,1
35984,36199,36113,86,0,56,1
36322,36212,36114,98,0,57,1
35984,36189,36114,75,0,58,1
36481,36218,36114,104,0,59,1
36361,36232,36115,117,0,60,1
36123,36221,36115,107,0,61,1
36143,36214,36115,99,0,62,1
36044,36197,36115,82,0,63,1
36183,36195,36115,80,0,64,1
36083,36184,36115,69,0,0,1
36540,36220,36116,104,0,1,1
36123,36210,36116,94,0,2,1
36183,36207,36116,91,0,3,1
36123,36199,36116,83,0,4,1
36083,36187,36116,71,0,5,1
36798,36248,36117,131,0,6,1
36083,36232,36117,115,0,7,1
36123,36221,36117,104,0,8,1
36143,36213,36117,96,0,9,1
36123,36204,36117,87,0,10,1
36103,36194,36117,77,0,11,1
36083,36183,36117,66,0,0,1
36163,36181,36117,64,0,0,1
36064,36169,36117,52,0,0,1
36123,36165,36117,47,0,0,1
36044,36152,36117,36,0,0,1
36501,36187,36118,70,0,0,1
36262,36195,36118,77,0,1,1
36044,36180,36118,62,0,0,1
36143,36176,36118,58,0,0,1
36103,36169,36118,51,0,0,1
36083,36160,36118,42,0,0,1
36044,36149,36118,31,0,0,1
36123,36146,36118,28,0,0,1
36183,36150,36118,32,0,0,1
36163,36151,36118,33,0,0,1
36103,36146,36118,28,0,0,1
36163,36148,36118,30,0,0,1
36481,36181,36119,62,0,0,1
36044,36167,36119,49,0,0,1
36322,36183,36119,64,0,0,1
36203,36185,36119,66,0,0,1
36163,36183,36119,63,0,0,1
36203,36185,36119,65,0,0,1
36183,36185,36120,65,0,0,1
36044,36171,36119,51,0,0,1
36361,36190,36120,70,0,0,1
36083,36179,36120,59,0,0,1
36322,36193,36120,73,0,1,1
36183,36192,36120,72,0,2,1
36421,36215,36121,94,0,3,1
36262,36220,36121,99,0,4,1
36222,36220,36121,99,0,5,1
36103,36208,36121,87,0,6,1
36242,36212,36122,90,0,7,1
36123,36203,36122,81,0,8,1
36342,36217,36122,95,0,9,1
36083,36203,36122,81,0,10,1
36103,36193,36122,71,0,11,1
36044,36178,36122,56,0,0,1
36044,36165,36122,43,0,0,1
36143,36163,36122,41,0,0,1
36699,36216,36123,93,0,1,1
36342,36229,36123,106,0,2,1
35984,36204,36123,81,0,3,1
36361,36220,36124,97,0,4,1
36044,36202,36123,79,0,5,1
36183,36200,36124,77,0,6,1
36262,36207,36124,83,0,7,1
36183,36204,36124,80,0,8,1
36163,36200,36124,76,0,9,1
36183,36198,36124,74,0,10,1
36242,36203,36124,78,0,11,1
36123,36195,36124,70,0,12,1
36739,36249,36126,124,0,13,1
36361,36260,36126,134,0,14,1
36262,36261,36126,134,0,15,1
36242,36259,36127,132,0,16,1
36143,36247,36127,121,0,17,1
36183,36241,36127,114,0,18,1
36203,36237,36127,110,0,19,1
36044,36218,36127,91,0,20,1
36183,36214,36127,87,0,21,1
36083,36201,36127,74,0,22,1
36123,36193,36127,67,0,0,1
36858,36260,36128,132,0,1,1
36183,36252,36128,124,0,2,1
36401,36267,36129,138,0,3,1
36123,36253,36129,124,0,4,1
36322,36259,36129,130,0,5,1
36143,36248,36129,119,0,6,1
36342,36257,36130,128,0,7,1
36044,36236,36130,106,0,8,1
36123,36225,36129,95,0,9,1
36163,36218,36130,89,0,10,1
36183,36215,36130,85,0,11,1
36203,36214,36130,84,0,12,1
36361,36228,36130,98,0,13,1
36361,36242,36131,111,0,14,1
36302,36248,36131,117,0,15,1
36103,36233,36131,102,0,16,1
36183,36228,36131,97,0,17,1
36083,36214,36131,83,0,18,1
36044,36197,36131,66,0,0,1
36083,36185,36131,54,0,0,1
36203,36187,36131,56,0,0,1
36103,36179,36131,48,0,0,1
36262,36187,36131,56,0,0,1
36083,36177,36131,46,0,0,1
36719,36231,36132,99,0,1,1
36361,36244,36133,111,0,2,1
36083,36228,36133,95,0,3,1
36262,36231,36133,98,0,4,1
36302,36238,36133,105,0,5,1
36163,36231,36133,97,0,6,1
36262,36234,36134,100,0,7,1
36222,36233,36134,99,0,8,1
36103,36220,36134,86,0,9,1
36004,36198,36133,65,0,0,1
36262,36205,36134,71,0,1,1
36501,36234,36134,100,0,2,1
36183,36229,36135,94,0,3,1
36203,36226,36135,92,0,4,1
36123,36216,36135,81,0,5,1
36163,36211,36135,76,0,6,1
36083,36198,36135,63,0,0,1
36501,36228,36135,93,0,1,1
36183,36224,36135,88,0,2,1
36361,36237,36136,102,0,3,1
36103,36224,36136,88,0,4,1
36222,36224,36136,88,0,5,1
36123,36214,36136,78,0,6,1
36481,36240,36137,104,0,7,1
36123,36229,36137,92,0,8,1
36203,36226,36137,89,0,9,1
36302,36234,36137,97,0,10,1
36361,36246,36138,109,0,11,1
36203,36242,36138,104,0,12,1
36361,36254,36138,116,0,13,1
36203,36249,36138,111,0,14,1
36262,36250,36139,112,0,15,1
36501,36275,36139,136,0,16,1
36064,36254,36139,115,0,17,1
36659,36295,36140,154,0,18,1
36203,36285,36140,145,0,19,1
36123,36269,36140,129,0,20,1
36342,36276,36141,136,0,21,1
36123,36261,36141,120,0,22,1
36242,36259,36141,118,0,23,1
36064,36240,36141,99,0,24,1
36302,36246,36141,105,0,25,1
36183,36240,36141,99,0,26,1
36222,36238,36141,97,0,27,1
36083,36222,36141,81,0,28,1
36361,36236,36142,95,0,29,1
36481,36261,36142,118,0,30,1
36103,36245,36142,103,0,31,1
36361,36257,36143,114,0,32,1
36083,36239,36143,97,0,33,1
36242,36239,36143,97,0,34,1
36123,36228,36143,85,0,35,1
36361,36241,36143,98,0,36,1
36123,36229,36143,86,0,37,1
36262,36233,36143,89,0,38,1
36083,36218,36143,74,0,39,1
36083,36204,36143,61,0,0,1
36083,36192,36143,49,0,0,1
36501,36223,36144,79,0,1,1
36441,36245,36144,100,0,2,1
36143,36235,36144,90,0,3,1
36083,36219,36144,75,0,4,1
36302,36228,36144,83,0,5,1
36004,36205,36144,61,0,0,1
36083,36193,36144,49,0,0,1
35984,36172,36144,28,0,0,1
36183,36173,36144,29,0,0,1
36083,36164,36144,20,0,0,1
36222,36170,36144,26,0,0,1
36779,36231,36145,86,0,1,1
36183,36226,36145,81,0,2,1
35944,36198,36145,53,0,0,1
36064,36184,36145,40,0,0,1
36242,36190,36145,45,0,0,1
36083,36180,36145,35,0,0,1
36262,36188,36145,43,0,0,1
36083,36177,36145,32,0,0,1
36123,36172,36145,27,0,0,1
36103,36165,36145,20,0,0,1
36361,36185,36145,39,0,0,1
36401,36206,36146,61,0,0,1
36361,36222,36146,76,0,1,1
36322,36232,36146,85,0,2,1
36044,36213,36146,67,0,0,1
36222,36214,36146,67,0,0,1
35984,36191,36146,45,0,0,1
36262,36198,36146,52,0,0,1
36342,36212,36147,66,0,0,1
36262,36217,36147,70,0,1,1
36302,36226,36147,79,0,2,1
36361,36239,36148,92,0,3,1
36083,36224,36148,76,0,4,1
36739,36275,36149,126,0,5,1
36322,36280,36149,131,0,6,1
36103,36262,36149,113,0,7,1
36222,36258,36149,109,0,8,1
36262,36259,36149,109,0,9,1
36083,36241,36149,92,0,10,1
36262,36243,36149,94,0,11,1
36123,36231,36149,82,0,12,1
36302,36238,36150,88,0,13,1
36123,36227,36150,77,0,14,1
36361,36240,36150,90,0,15,1
35984,36214,36150,65,0,0,1
36580,36251,36151,100,0,1,1
36361,36262,36151,111,0,2,1
36044,36240,36151,89,0,3,1
36361,36252,36151,101,0,4,1
36044,36231,36151,80,0,5,1
36441,36252,36152,101,0,6,1
36044,36232,36151,80,0,7,1
36262,36235,36152,83,0,8,1
35964,36208,36151,56,0,0,1
36441,36231,36152,79,0,1,1
36044,36212,36152,61,0,0,1
36322,36223,36152,71,0,1,1
36719,36273,36153,120,0,2,1
36044,36250,36153,97,0,3,1
36620,36287,36154,133,0,4,1
36004,36259,36153,105,0,5,1
36361,36269,36154,115,0,6,1
36481,36290,36155,136,0,7,1
36064,36267,36154,113,0,8,1
36083,36249,36154,95,0,9,1
36044,36228,36154,75,0,10,1
36123,36218,36154,64,0,0,1
36103,36206,36154,53,0,0,1
36302,36216,36154,62,0,0,1
36322,36227,36154,72,0,1,1
36103,36214,36154,60,0,0,1
36361,36229,36155,74,0,1,1
36103,36216,36155,62,0,0,1
36203,36215,36155,60,0,0,1
36183,36212,36155,57,0,0,1
36143,36205,36155,50,0,0,1
36183,36203,36155,48,0,0,1
36083,36191,36155,36,0,0,1
36302,36202,36155,47,0,0,1
35984,36180,36155,25,0,0,1
36699,36232,36156,76,0,1,1
36302,36239,36156,83,0,2,1
35984,36213,36156,58,0,0,1
36242,36216,36156,60,0,0,1
35925,36187,36155,32,0,0,1
36143,36183,36155,27,0,0,1
36044,36169,36155,14,0,0,1
36123,36164,36155,9,0,0,1
36183,36166,36155,11,0,0,1
36183,36168,36155,13,0,0,1
36163,36167,36155,12,0,0,1
36361,36187,36156,31,0,0,1
36361,36204,36156,48,0,0,1
36361,36220,36157,63,0,0,1
36064,36204,36156,48,0,0,1
36262,36210,36157,53,0,0,1
36083,36197,36156,41,0,0,1
36441,36222,36157,65,0,0,1
36044,36204,36157,47,0,0,1
36401,36224,36157,66,0,0,1
36004,36202,36157,45,0,0,1
36401,36222,36157,64,0,0,1
36083,36208,36157,50,0,0,1
36401,36227,36158,69,0,0,1
36858,36290,36159,131,0,1,1
36004,36262,36159,103,0,2,1
36342,36270,36159,110,0,3,1
36004,36243,36159,84,0,4,1
36262,36245,36159,86,0,5,1
36083,36229,36159,70,0,0,1
36242,36230,36159,71,0,1,1
36183,36225,36159,66,0,0,1
36361,36239,36160,79,0,1,1
36262,36241,36160,81,0,2,1
36143,36231,36160,72,0,3,1
36361,36244,36160,84,0,4,1
36361,36256,36161,95,0,5,1
36421,36272,36161,111,0,6,1
36163,36262,36161,100,0,7,1
36361,36272,36162,110,0,8,1
36163,36261,36162,99,0,9,1
36163,36251,36162,89,0,10,1
36262,36252,36162,90,0,11,1
36361,36263,36162,101,0,12,1
36123,36249,36162,87,0,13,1
36361,36260,36163,98,0,14,1
36044,36238,36162,76,0,15,1
36501,36265,36163,102,0,16,1
36342,36272,36163,109,0,17,1
36322,36277,36164,114,0,18,1
36222,36272,36164,108,0,19,1
36421,36287,36164,122,0,20,1
36203,36278,36164,114,0,21,1
36361,36287,36165,122,0,22,1
36183,36276,36165,111,0,23,1
36004,36249,36164,85,0,24,1
36123,36236,36164,72,0,25,1
36222,36235,36165,70,0,26,1
36242,36236,36165,71,0,27,1
36640,36276,36166,110,0,28,1
36302,36279,36166,113,0,29,1
36123,36263,36166,97,0,30,1
36600,36297,36167,130,0,31,1
36123,36279,36167,113,0,32,1
36580,36309,36167,142,0,33,1
36143,36293,36167,125,0,34,1
36103,36274,36167,107,0,35,1
36143,36261,36167,94,0,36,1
36183,36253,36167,86,0,37,1
36222,36250,36167,83,0,38,1
36044,36229,36167,62,0,0,1
36540,36260,36168,93,0,1,1
36361,36270,36168,102,0,2,1
36123,36256,36168,88,0,3,1
36163,36246,36168,78,0,4,1
36044,36226,36168,58,0,0,1
36262,36230,36168,62,0,0,1
36203,36227,36168,59,0,0,1
36183,36223,36168,54,0,0,1
36322,36233,36168,64,0,0,1
36083,36218,36168,49,0,0,1
36361,36232,36169,63,0,0,1
36361,36245,36169,76,0,1,1
36421,36262,36170,93,0,2,1
36103,36246,36169,77,0,3,1
36123,36234,36169,65,0,0,1
36083,36219,36169,50,0,0,1
36123,36209,36169,40,0,0,1
36222,36211,36169,41,0,0,1
36183,36208,36169,39,0,0,1
36361,36223,36170,54,0,0,1
36262,36227,36170,57,0,0,1
36203,36225,36170,55,0,0,1
36222,36224,36170,54,0,0,1
36361,36238,36170,68,0,0,1
36361,36250,36171,80,0,1,1
36361,36261,36171,90,0,2,1
35944,36230,36171,59,0,0,1
36262,36233,36171,62,0,0,1
35905,36200,36170,30,0,0,1
36302,36210,36171,40,0,0,1
36083,36198,36170,27,0,0,1
36083,36186,36170,16,0,0,1
36302,36198,36171,27,0,0,1
36123,36190,36170,20,0,0,1
36242,36195,36171,25,0,0,1
36183,36194,36171,23,0,0,1
35964,36171,36170,1,0,0,1
36222,36176,36170,6,0,0,1
36044,36163,36170,-7,0,0,1
36103,36157,36170,-13,0,0,1
36123,36154,36170,-16,0,0,1
36322,36170,36170,0,0,0,1
36302,36184,36170,13,0,0,1
36183,36183,36171,13,0,0,1
36342,36199,36171,28,0,0,1
36044,36184,36171,13,0,0,1
36501,36216,36171,44,0,0,1
36203,36214,36171,43,0,0,1
36123,36205,36171,34,0,0,1
36123,36197,36171,26,0,0,1
36044,36182,36171,11,0,0,1
36183,36182,36171,11,0,0,1
36203,36184,36171,13,0,0,1
36183,36184,36171,13,0,0,1
36183,36184,36171,13,0,0,1
36123,36178,36171,7,0,0,1
35984,36158,36171,-12,0,0,1
36123,36155,36170,-16,0,0,1
36361,36175,36171,4,0,0,1
36123,36170,36171,-1,0,0,1
36322,36185,36171,14,0,0,1
36183,36185,36171,14,0,0,1
36064,36173,36171,2,0,0,1
36302,36186,36171,15,0,0,1
36103,36178,36171,7,0,0,1
36361,36196,36171,25,0,0,1
36322,36209,36172,37,0,0,1
36083,36196,36172,24,0,0,1
36262,36203,36172,31,0,0,1
36620,36244,36173,72,0,1,1
36600,36280,36173,106,0,2,1
36103,36262,36173,89,0,3,1
36222,36258,36173,85,0,4,1
36103,36243,36173,69,0,0,1
35984,36217,36173,44,0,0,1
36361,36231,36173,58,0,0,1
36044,36213,36173,39,0,0,1
36361,36227,36173,54,0,0,1
36083,36213,36173,40,0,0,1
36044,36196,36173,23,0,0,1
36143,36191,36173,18,0,0,1
36640,36236,36174,62,0,0,1
36203,36232,36174,58,0,0,1
36103,36219,36174,46,0,0,1
36222,36220,36174,46,0,0,1
36004,36198,36174,25,0,0,1
36103,36189,36173,15,0,0,1
36044,36174,36173,1,0,0,1
36123,36169,36173,-4,0,0,1
35865,36139,36172,-34,0,0,1
36183,36143,36172,-29,0,0,1
36163,36145,36172,-27,0,0,1
36481,36179,36173,6,0,0,1
36123,36173,36173,0,0,0,1
36262,36182,36173,9,0,0,1
35984,36162,36173,-11,0,0,1
36441,36190,36173,17,0,0,1
36262,36197,36174,24,0,0,1
36262,36204,36174,30,0,0,1
36222,36206,36174,32,0,0,1
36203,36205,36174,31,0,0,1
36302,36215,36174,41,0,0,1
36004,36194,36174,20,0,0,1
36083,36183,36174,9,0,0,1
36540,36219,36174,44,0,0,1
36123,36209,36174,35,0,0,1
36361,36224,36175,50,0,0,1
36163,36218,36175,43,0,0,1
36361,36232,36175,57,0,0,1
36044,36213,36175,39,0,0,1
36203,36212,36175,38,0,0,1
36044,36196,36175,21,0,0,1
36302,36206,36175,31,0,0,1
36083,36194,36175,19,0,0,1
36222,36197,36175,22,0,0,1
36143,36191,36175,17,0,0,1
36600,36232,36175,57,0,0,1
36501,36259,36176,83,0,1,1
36322,36265,36176,89,0,2,1
36302,36269,36177,92,0,3,1
36143,36256,36177,80,0,4,1
36163,36247,36177,70,0,5,1
36083,36231,36176,54,0,0,1
36064,36214,36176,38,0,0,1
36083,36201,36176,25,0,0,1
36143,36195,36176,19,0,0,1
36004,36176,36176,0,0,0,1
36064,36165,36175,-11,0,0,1
36481,36196,36176,20,0,0,1
36123,36189,36176,13,0,0,1
36183,36188,36176,13,0,0,1
36222,36192,36176,16,0,0,1
36004,36173,36176,-3,0,0,1
36143,36170,36176,-6,0,0,1
36064,36159,36175,-16,0,0,1
36083,36152,36175,-23,0,0,1
36302,36167,36175,-9,0,0,1
36222,36172,36176,-3,0,0,1
36262,36181,36176,6,0,0,1
36143,36177,36176,2,0,0,1
36580,36218,36176,41,0,0,1
36401,36236,36177,59,0,0,1
36123,36225,36177,48,0,0,1
36242,36226,36177,50,0,0,1
36342,36238,36177,61,0,0,1
36361,36250,36178,73,0,1,1
36322,36257,36178,80,0,2,1
36123,36244,36178,66,0,0,1
36163,36236,36178,58,0,0,1
35964,36209,36177,31,0,0,1
36044,36192,36177,15,0,0,1
36679,36241,36178,63,0,0,1
36222,36239,36178,61,0,0,1
36222,36237,36178,59,0,0,1
36242,36238,36178,59,0,0,1
36183,36232,36178,54,0,0,1
36123,36221,36178,43,0,0,1
36262,36225,36178,47,0,0,1
36103,36213,36178,35,0,0,1
36123,36204,36178,26,0,0,1
36262,36210,36178,32,0,0,1
36103,36199,36178,21,0,0,1
36322,36212,36178,33,0,0,1
36481,36238,36179,59,0,0,1
35925,36207,36179,29,0,0,1
36143,36201,36179,22,0,0,1
36044,36185,36178,7,0,0,1
36242,36191,36178,12,0,0,1
36064,36178,36178,0,0,0,1
36143,36175,36178,-4,0,0,1
36083,36165,36178,-13,0,0,1
36342,36183,36178,5,0,0,1
36123,36177,36178,-1,0,0,1
36361,36195,36179,17,0,0,1
36143,36190,36178,12,0,0,1
36183,36189,36178,11,0,0,1
36361,36207,36179,28,0,0,1
36083,36194,36179,16,0,0,1
36123,36187,36179,9,0,0,1
36103,36179,36178,0,0,0,1
36064,36167,36178,-11,0,0,1
36044,36155,36178,-23,0,0,1
36103,36150,36178,-28,0,0,1
35984,36133,36177,-44,0,0,1
36163,36136,36177,-41,0,0,1
35944,36117,36177,-60,0,0,1
36421,36147,36177,-30,0,0,1
36064,36139,36177,-38,0,0,1
35905,36116,36177,-61,0,0,1
35984,36102,36176,-74,0,1,1
35984,36091,36176,-85,0,2,1
35885,36070,36175,-105,0,3,1
35984,36061,36175,-113,0,4,1
36044,36060,36175,-115,0,5,1
35845,36038,36174,-136,0,6,1
36083,36043,36174,-131,0,7,1
35845,36023,36173,-150,0,8,1
36083,36029,36173,-144,0,9,1
36401,36066,36173,-107,0,10,1
36222,36082,36174,-92,0,11,1
35865,36060,36173,-113,0,12,1
35964,36050,36172,-122,0,13,1
35885,36034,36172,-138,0,14,1
35905,36021,36171,-150,0,15,1
36004,36019,36171,-152,0,16,1
35905,36008,36171,-163,0,17,1
35845,35992,36170,-178,0,18,1
36262,36019,36170,-151,0,19,1
35845,36001,36169,-168,0,20,1
36421,36043,36170,-127,0,21,1
36302,36069,36170,-101,0,22,1
36083,36070,36170,-100,0,23,1
35845,36048,36169,-121,0,24,1
35905,36034,36169,-135,0,25,1
35865,36017,36168,-151,0,26,1
36064,36022,36168,-147,0,27,1
35944,36014,36168,-154,0,28,1
36183,36031,36168,-137,0,29,1
35925,36020,36167,-147,0,30,1
35845,36003,36167,-164,0,31,1
35905,35993,36166,-173,0,32,1
36262,36020,36166,-146,0,33,1
35964,36014,36166,-152,0,34,1
35805,35993,36165,-172,0,35,1
35925,35986,36165,-178,0,36,1
35805,35968,36164,-196,0,37,1
35845,35956,36163,-207,0,38,1
35944,35955,36163,-208,0,39,1
35925,35952,36162,-211,0,40,1
35905,35947,36162,-215,0,41,1
35944,35947,36161,-215,0,42,1
35925,35945,36161,-216,0,43,1
35647,35915,36160,-245,0,44,1
36123,35936,36160,-224,0,45,1
35746,35917,36159,-242,0,46,1
35706,35896,36158,-263,0,47,1
35944,35900,36158,-257,0,48,1
35706,35881,36157,-276,0,49,1
35925,35885,36156,-271,0,50,1
35805,35877,36156,-278,0,51,1
35627,35852,36155,-302,0,52,1
35885,35856,36154,-299,0,53,1
35746,35845,36153,-309,0,54,1
35766,35837,36152,-316,0,55,1
35925,35846,36152,-306,0,56,1
35388,35800,36151,-351,0,57,1
35309,35751,36149,-398,0,58,1
35051,35681,36147,-466,0,59,1
35150,35628,36145,-517,0,60,1
35150,35580,36143,-563,0,61,1
34892,35511,36140,-629,0,62,1
35031,35463,36138,-675,0,63,1
34832,35400,36135,-735,0,64,1
34971,35357,36133,-776,0,65,1
34594,35281,36130,-849,0,66,1
34654,35218,36127,-909,0,67,1
34594,35156,36124,-968,0,68,1
34395,35080,36120,-1041,0,69,1
34455,35017,36117,-1100,0,70,1
33919,34907,36113,-1205,0,71,1
33939,34811,36108,-1298,0,72,1
34078,34737,36104,-1367,0,73,1
34018,34665,36100,-1435,0,74,1
33839,34583,36096,-1513,0,75,1
33998,34524,36091,-1567,0,76,1
34137,34486,36088,-1602,0,77,1
33939,34431,36083,-1652,0,78,1
34117,34399,36079,-1680,0,79,1
34455,34405,36076,-1671,0,80,1
34256,34390,36072,-1682,0,81,1
34256,34377,36069,-1692,0,82,1
34237,34363,36065,-1703,0,83,1
33978,34324,36061,-1737,0,84,1
34117,34304,36057,-1754,0,85,1
34117,34285,36053,-1768,0,86,1
34356,34292,36050,-1758,0,87,1
34455,34308,36047,-1738,0,88,1
34415,34319,36043,-1725,0,89,1
34713,34358,36041,-1682,0,90,1
34673,34390,36038,-1648,0,91,1
34415,34392,36035,-1643,0,92,1
34614,34414,36032,-1617,0,93,1
34574,34430,36029,-1599,0,94,1
34634,34451,36026,-1575,0,95,1
34594,34465,36023,-1558,0,96,1
34534,34472,36020,-1548,0,97,1
34515,34476,36017,-1541,0,98,1
34574,34486,36015,-1528,0,99,1
34455,34483,36011,-1528,0,100,1
34594,34494,36009,-1515,0,101,1
34534,34498,36006,-1508,0,102,1
34932,34541,36003,-1462,0,103,1
34594,34547,36001,-1454,0,104,1
34673,34559,35998,-1439,0,105,1
34534,34557,35995,-1438,0,106,1
34356,34537,35992,-1455,0,107,1
34296,34513,35988,-1476,0,108,1
34356,34497,35985,-1488,0,109,1
34395,34487,35982,-1495,0,110,1
34415,34480,35979,-1499,0,111,1
34237,34455,35975,-1520,0,112,1
34336,34443,35972,-1529,0,113,1
34455,34445,35969,-1525,0,114,1
34356,34436,35966,-1530,0,115,1
34078,34400,35962,-1562,0,116,1
34018,34362,35958,-1596,0,117,1
34018,34327,35954,-1627,0,118,1
34038,34298,35950,-1652,0,119,1
34117,34280,35947,-1667,0,120,1
33760,34228,35942,-1714,0,121,1
33482,34154,35937,-1784,0,122,1
33641,34102,35933,-1831,0,123,1
33383,34030,35928,-1897,0,124,1
33442,33972,35923,-1951,0,125,1
33502,33925,35918,-1993,0,126,1
32628,33795,35911,-2116,0,127,1
32072,33623,35904,-2281,0,128,1
31615,33422,35895,-2473,0,129,1
31536,33233,35886,-2653,0,130,1
30682,32978,35876,-2898,0,131,1
31079,32788,35866,-3078,0,132,1
30543,32564,35856,-3292,0,133,1
29907,32298,35844,-3546,0,134,1
28954,31964,35830,-3866,0,135,1
28041,31571,35814,-4243,0,136,1
27306,31145,35797,-4653,0,137,1
23473,30378,35773,-5395,0,138,1
20077,29348,35741,-6394,0,139,1
20534,28466,35711,-7245,0,140,1
19739,27593,35679,-8086,0,141,1
21408,26975,35651,-8676,0,142,1
21487,26426,35622,-9196,0,143,1
22381,26022,35596,-9574,0,144,1
23155,25735,35571,-9836,0,145,1
23711,25533,35547,-10015,0,146,1
24267,25406,35525,-10119,0,147,1
25935,25459,35505,-10047,0,148,1
26273,25540,35487,-9947,0,149,1
26531,25639,35469,-9830,0,150,1
24506,25526,35447,-9921,0,151,1
23850,25358,35424,-10066,0,152,1
24744,25297,35403,-10106,0,153,1
25379,25305,35383,-10077,0,154,1
25876,25362,35364,-10001,0,155,1
26492,25475,35346,-9871,0,156,1
25161,25444,35325,-9882,0,157,1
24744,25374,35304,-9930,0,158,1
26174,25454,35286,-9832,0,159,1
26372,25546,35268,-9723,0,160,1
26591,25650,35251,-9601,0,161,1
27882,25873,35236,-9363,0,162,1
27604,26046,35221,-9174,0,163,1
28696,26311,35208,-8896,0,164,1
30761,26756,35199,-8443,0,165,1
31913,27272,35192,-7920,0,166,1
33144,27859,35188,-7329,0,167,1
34018,28475,35186,-6711,0,168,1
34415,29069,35184,-6115,0,169,1
34713,29633,35183,-5550,0,170,1
35210,30191,35183,-4992,0,171,1
35130,30685,35183,-4498,0,172,1
36183,31235,35185,-3951,0,173,1
35885,31700,35187,-3487,0,174,1
36143,32144,35189,-3044,0,175,1
35944,32524,35190,-2666,0,176,1
36083,32880,35192,-2312,0,177,1
36044,33196,35194,-1997,0,178,1
35964,33473,35195,-1722,0,179,1
36222,33748,35197,-1449,0,180,1
35706,33944,35198,-1254,0,181,1
36044,34154,35200,-1046,0,182,1
35925,34331,35201,-870,0,183,1
36083,34506,35203,-697,0,184,1
36540,34710,35206,-496,0,185,1
35845,34823,35207,-384,0,186,1
36083,34949,35209,-260,0,187,1
35805,35035,35210,-175,0,188,1
36203,35152,35212,-61,0,0,1
35845,35221,35213,7,0,0,1
36401,35339,35216,123,0,1,1
35865,35391,35217,174,0,2,1
36481,35500,35220,281,0,3,1
36004,35551,35221,330,0,4,1
36004,35596,35223,373,0,5,1
36143,35651,35225,426,0,6,1
36262,35712,35227,485,0,7,1
35944,35735,35228,507,0,8,1
36004,35762,35230,532,0,9,1
35865,35772,35231,541,0,10,1
36143,35809,35233,577,0,11,1
35865,35815,35234,581,0,12,1
36083,35842,35236,606,0,13,1
36143,35872,35238,634,0,14,1
36083,35893,35239,654,0,15,1
36083,35912,35241,671,0,16,1
35964,35917,35242,675,0,17,1
36421,35968,35245,723,0,18,1
36083,35979,35246,733,0,19,1
36044,35986,35248,738,0,20,1
36083,35995,35250,746,0,21,1
36083,36004,35251,753,0,22,1
36083,36012,35253,759,0,23,1
36064,36017,35255,763,0,24,1
36044,36020,35256,764,0,25,1
36044,36022,35258,765,0,26,1
36123,36032,35259,773,0,27,1
36342,36063,35262,802,0,28,1
36123,36069,35263,806,0,29,1
36342,36097,35266,831,0,30,1
36123,36099,35267,832,0,31,1
36183,36108,35269,838,0,32,1
36064,36103,35271,833,0,33,1
36044,36097,35272,825,0,34,1
36044,36092,35274,818,0,35,1
36044,36087,35275,812,0,36,1
36163,36095,35277,818,0,37,1
36123,36098,35279,819,0,38,1
36064,36094,35280,814,0,39,1
36242,36109,35282,827,0,40,1
36203,36118,35284,834,0,41,1
36183,36125,35286,839,0,42,1
36044,36117,35287,829,0,43,1
36083,36113,35289,824,0,44,1
36322,36134,35291,843,0,45,1
35984,36119,35292,827,0,46,1
36481,36155,35295,860,0,47,1
36103,36150,35296,854,0,48,1
36322,36167,35299,869,0,49,1
36302,36181,35301,880,0,50,1
36064,36169,35302,867,0,51,1
36183,36170,35304,867,0,52,1
36421,36196,35306,889,0,53,1
36183,36147,36143,4,0,0,0
36659,36198,36144,54,0,0,0
36540,36232,36145,87,0,1,0
36679,36277,36146,131,0,2,0
36620,36311,36147,164,0,3,0
36580,36338,36148,190,0,4,0
36739,36378,36149,229,1,0,1
36580,36398,36150,249,0,1,1
36163,36375,36150,225,0,2,1
36123,36350,36150,200,0,3,1
36262,36341,36150,191,0,4,1
36203,36327,36150,177,0,5,1
36143,36309,36150,159,0,6,1
36361,36314,36151,163,0,7,1
36361,36319,36151,168,0,8,1
36262,36313,36151,162,0,9,1
36302,36312,36152,160,0,10,1
36242,36305,36152,153,0,11,1
36302,36305,36152,153,0,12,1
36600,36334,36153,181,0,13,1
36302,36331,36153,178,0,14,1
36342,36332,36154,178,0,15,1
36183,36317,36154,163,0,16,1
36123,36298,36154,144,0,17,1
36401,36308,36154,154,0,18,1
36004,36278,36154,124,0,19,1
36123,36262,36154,108,0,20,1
36044,36240,36154,87,0,21,1
36143,36231,36154,77,0,22,1
36342,36242,36154,88,0,23,1
36044,36222,36154,68,0,0,1
36640,36264,36155,109,0,1,1
36203,36258,36155,103,0,2,1
36361,36268,36155,113,0,3,1
36083,36250,36155,94,0,4,1
36044,36229,36155,74,0,5,1
36083,36214,36155,60,0,0,1
36044,36197,36155,43,0,0,1
36183,36196,36155,41,0,0,1
36064,36183,36154,28,0,0,1
36242,36189,36155,34,0,0,1
36183,36188,36155,33,0,0,1
36441,36213,36155,58,0,0,1
36659,36258,36156,102,0,1,1
36083,36240,36156,84,0,2,1
36143,36231,36156,75,0,3,1
36361,36244,36156,87,0,4,1
36064,36226,36156,70,0,0,1
36242,36227,36156,71,0,1,1
36103,36215,36156,59,0,0,1
36262,36220,36157,63,0,0,1
36103,36208,36156,52,0,0,1
36222,36209,36157,53,0,0,1
36242,36213,36157,56,0,0,1
36163,36208,36157,51,0,0,1
36580,36245,36158,87,0,1,1
36302,36251,36158,93,0,2,1
36302,36256,36158,98,0,3,1
36064,36237,36158,79,0,4,1
36481,36261,36159,102,0,5,1
36083,36243,36158,85,0,6,1
36361,36255,36159,96,0,7,1
36123,36242,36159,83,0,8,1
36481,36266,36159,106,0,9,1
36083,36247,36159,88,0,10,1
36361,36259,36160,99,0,11,1
36103,36243,36160,84,0,12,1
36679,36287,36161,126,0,13,1
36401,36298,36161,137,0,14,1
36044,36273,36161,112,0,15,1
36222,36268,36161,107,0,16,1
36064,36247,36161,87,0,17,1
36361,36259,36161,97,0,18,1
36242,36257,36161,96,0,19,1
36401,36271,36162,110,0,20,1
36401,36284,36162,122,0,21,1
36123,36268,36162,106,0,22,1
36183,36260,36162,97,0,23,1
36659,36300,36163,136,0,24,1
36203,36290,36163,127,0,25,1
36540,36315,36164,151,0,26,1
36262,36310,36164,145,0,27,1
36361,36315,36165,150,0,28,1
36302,36314,36165,148,0,29,1
36103,36292,36165,128,0,30,1
36262,36289,36165,124,0,31,1
36183,36279,36165,114,0,32,1
36064,36257,36165,92,0,33,1
36183,36250,36165,85,0,34,1
36083,36233,36165,68,0,0,1
36580,36268,36166,102,0,1,1
36262,36267,36166,101,0,2,1
36203,36261,36166,95,0,3,1
35964,36231,36166,66,0,0,1
36123,36220,36165,55,0,0,1
36183,36217,36166,51,0,0,1
36302,36225,36166,59,0,0,1
36262,36229,36166,63,0,0,1
36203,36226,36166,60,0,0,1
36481,36252,36167,85,0,1,1
36203,36247,36167,80,0,2,1
36361,36258,36167,91,0,3,1
36421,36275,36168,107,0,4,1
36262,36273,36168,105,0,5,1
36262,36272,36168,104,0,6,1
36322,36277,36168,109,0,7,1
36262,36276,36169,107,0,8,1
36262,36274,36169,106,0,9,1
36183,36265,36169,96,0,10,1
36222,36261,36169,92,0,11,1
36163,36251,36169,82,0,12,1
36183,36244,36169,75,0,13,1
36302,36250,36169,81,0,14,1
36640,36289,36170,119,0,15,1
36004,36260,36170,91,0,16,1
36103,36245,36170,75,0,17,1
35984,36219,36169,49,0,0,1
36242,36221,36169,52,0,0,1
36083,36207,36169,38,0,0,1
36203,36207,36169,37,0,0,1
36123,36198,36169,29,0,0,1
36421,36221,36170,51,0,0,1
36242,36223,36170,53,0,0,1
36540,36254,36171,84,0,1,1
36302,36259,36171,88,0,2,1
36361,36269,36171,98,0,3,1
36302,36273,36172,101,0,4,1
36183,36264,36172,92,0,5,1
36143,36252,36172,80,0,6,1
36203,36247,36172,75,0,7,1
36183,36240,36172,69,0,0,1
36083,36225,36171,53,0,0,1
36183,36220,36171,49,0,0,1
36222,36221,36172,49,0,0,1
36222,36221,36172,49,0,0,1
36103,36209,36172,37,0,0,1
36719,36260,36173,87,0,1,1
36361,36270,36173,97,0,2,1
36183,36261,36173,88,0,3,1
36302,36265,36173,92,0,4,1
36083,36247,36173,74,0,5,1
36103,36233,36173,60,0,0,1
36083,36218,36173,45,0,0,1
36163,36212,36173,39,0,0,1
36481,36239,36173,66,0,0,1
36083,36224,36173,50,0,0,1
36203,36221,36173,48,0,0,1
36242,36224,36173,50,0,0,1
36620,36263,36174,89,0,1,1
36163,36253,36174,79,0,2,1
36262,36254,36175,80,0,3,1
36262,36255,36175,80,0,4,1
36123,36242,36175,67,0,0,1
36481,36266,36175,90,0,1,1
36262,36265,36175,90,0,2,1
36481,36287,36176,111,0,3,1
36262,36284,36176,108,0,4,1
35905,36246,36176,71,0,5,1
36083,36230,36175,55,0,0,1
36143,36221,36175,46,0,0,1
36620,36261,36176,85,0,1,1
36262,36261,36176,85,0,2,1
36262,36261,36177,85,0,3,1
36183,36253,36177,77,0,4,1
36083,36236,36176,60,0,0,1
36322,36245,36177,68,0,0,1
36163,36237,36177,60,0,0,1
36044,36217,36176,41,0,0,1
36242,36220,36177,43,0,0,1
36143,36212,36177,36,0,0,1
36203,36211,36177,35,0,0,1
36501,36240,36177,63,0,0,1
36262,36242,36177,65,0,0,1
36123,36230,36177,53,0,0,1
36083,36216,36177,39,0,0,1
36083,36202,36177,26,0,0,1
36143,36197,36177,20,0,0,1
36183,36195,36177,18,0,0,1
36222,36198,36177,21,0,0,1
36242,36202,36177,25,0,0,1
36163,36198,36177,21,0,0,1
36183,36197,36177,20,0,0,1
36044,36181,36177,5,0,0,1
36421,36205,36177,28,0,0,1
36580,36243,36178,65,0,0,1
36083,36227,36178,49,0,0,1
36083,36212,36178,35,0,0,1
36103,36202,36178,24,0,0,1
36083,36190,36177,12,0,0,1
36123,36183,36177,6,0,0,1
35984,36163,36177,-14,0,0,1
36083,36155,36177,-22,0,0,1
36481,36188,36177,10,0,0,1
36083,36177,36177,0,0,0,1
36481,36208,36178,30,0,0,1
36342,36221,36178,43,0,0,1
36262,36225,36178,47,0,0,1
36044,36207,36178,29,0,0,1
36083,36195,36178,17,0,0,1
36123,36187,36178,10,0,0,1
36103,36179,36178,1,0,0,1
36481,36209,36178,31,0,0,1
36322,36220,36178,42,0,0,1
36183,36217,36178,38,0,0,1
36262,36221,36179,43,0,0,1
36163,36215,36179,37,0,0,1
36083,36202,36178,24,0,0,1
36659,36248,36179,68,0,0,1
36322,36255,36180,76,0,1,1
36262,36256,36180,76,0,2,1
36044,36235,36180,55,0,0,1
36302,36241,36180,62,0,0,1
36123,36230,36180,50,0,0,1
36203,36227,36180,47,0,0,1
36083,36213,36180,33,0,0,1
36143,36206,36180,26,0,0,1
36064,36191,36179,12,0,0,1
36123,36185,36179,5,0,0,1
35984,36165,36179,-14,0,0,1
36441,36192,36179,13,0,0,1
36342,36207,36180,28,0,0,1
35944,36181,36179,2,0,0,1
36322,36195,36179,15,0,0,1
36083,36184,36179,4,0,0,1
36262,36192,36179,12,0,0,1
36401,36213,36180,33,0,0,1
36083,36200,36180,20,0,0,1
36361,36216,36180,36,0,0,1
36123,36206,36180,26,0,0,1
36322,36218,36180,38,0,0,1
36937,36290,36182,108,0,1,1
36123,36273,36182,92,0,2,1
36064,36252,36181,71,0,3,1
36183,36245,36181,64,0,0,1
36183,36239,36181,58,0,0,1
36123,36227,36181,46,0,0,1
36342,36239,36182,57,0,0,1
36123,36227,36182,46,0,0,1
36222,36227,36182,45,0,0,1
36183,36222,36182,41,0,0,1
36163,36216,36182,35,0,0,1
36163,36211,36182,30,0,0,1
36421,36232,36182,50,0,0,1
36342,36243,36182,61,0,0,1
36421,36261,36183,78,0,1,1
36044,36239,36183,57,0,0,1
36103,36226,36182,43,0,0,1
36262,36229,36183,47,0,0,1
36044,36211,36182,28,0,0,1
36262,36216,36182,33,0,0,1
36044,36199,36182,16,0,0,1
36262,36205,36182,23,0,0,1
36123,36197,36182,15,0,0,1
36302,36207,36182,25,0,0,1
36421,36229,36183,46,0,0,1
36083,36214,36183,31,0,0,1
36044,36197,36183,15,0,0,1
36262,36204,36183,21,0,0,1
36183,36201,36183,19,0,0,1
36064,36188,36182,5,0,0,1
36203,36189,36182,7,0,0,1
36123,36183,36182,0,0,0,1
36322,36197,36183,14,0,0,1
36183,36195,36183,13,0,0,1
36262,36202,36183,19,0,0,1
36361,36218,36183,35,0,0,1
36183,36214,36183,31,0,0,1
36421,36235,36184,51,0,0,1
36103,36222,36184,38,0,0,1
36342,36234,36184,50,0,0,1
36123,36223,36184,39,0,0,1
36262,36227,36184,43,0,0,1
36123,36216,36184,32,0,0,1
36262,36221,36184,37,0,0,1
36203,36219,36184,35,0,0,1
36262,36223,36184,39,0,0,1
36123,36213,36184,29,0,0,1
36481,36240,36185,55,0,0,1
36123,36228,36185,44,0,0,1
36322,36238,36185,53,0,0,1
36183,36232,36185,47,0,0,1
36222,36231,36185,46,0,0,1
36421,36250,36185,65,0,0,1
36103,36235,36185,50,0,0,1
36302,36242,36185,57,0,0,1
36342,36252,36186,66,0,0,1
36302,36257,36186,71,0,1,1
36103,36242,36186,56,0,0,1
36580,36275,36187,89,0,1,1
36322,36280,36187,93,0,2,1
36322,36284,36187,97,0,3,1
36103,36266,36187,79,0,4,1
36103,36250,36187,63,0,0,1
36203,36245,36187,58,0,0,1
36044,36225,36187,38,0,0,1
36183,36221,36187,34,0,0,1
36044,36203,36186,17,0,0,1
36143,36197,36186,11,0,0,1
35984,36176,36186,-10,0,0,1
36123,36171,36186,-15,0,0,1
36421,36196,36186,9,0,0,1
36163,36192,36186,6,0,0,1
36361,36209,36186,23,0,0,1
36163,36205,36186,18,0,0,1
36302,36214,36187,28,0,0,1
36064,36199,36186,13,0,0,1
36262,36206,36187,19,0,0,1
36083,36193,36186,7,0,0,1
36203,36194,36186,8,0,0,1
36302,36205,36187,18,0,0,1
35984,36183,36186,-3,0,0,1
36183,36183,36186,-3,0,0,1
36580,36223,36187,36,0,0,1
36361,36236,36187,49,0,0,1
36322,36245,36188,57,0,0,1
36143,36235,36187,47,0,0,1
35984,36210,36187,23,0,0,1
36143,36203,36187,16,0,0,1
36183,36201,36187,14,0,0,1
36103,36191,36187,4,0,0,1
36143,36186,36187,0,0,0,1
36044,36172,36186,-14,0,0,1
36064,36161,36186,-25,0,0,1
36640,36209,36187,22,0,0,1
36123,36201,36187,14,0,0,1
35964,36177,36187,-10,0,0,1
36143,36174,36186,-13,0,0,1
36123,36168,36186,-18,0,0,1
36361,36188,36187,1,0,0,1
36262,36195,36187,8,0,0,1
36421,36218,36187,30,0,0,1
36302,36226,36188,39,0,0,1
36143,36218,36187,30,0,0,1
36242,36220,36188,33,0,0,1
36123,36211,36187,23,0,0,1
36620,36251,36188,63,0,0,1
36123,36239,36188,50,0,0,1
36183,36233,36188,45,0,0,1
36083,36218,36188,30,0,0,1
36183,36215,36188,27,0,0,1
36361,36229,36188,41,0,0,1
36302,36236,36189,48,0,0,1
36441,36257,36189,68,0,0,1
36242,36255,36189,66,0,0,1
36262,36256,36189,67,0,0,1
36481,36279,36190,89,0,1,1
36242,36275,36190,85,0,2,1
36421,36290,36190,99,0,3,1
36501,36311,36191,120,0,4,1
36083,36288,36191,97,0,5,1
36302,36289,36191,98,0,6,1
36361,36296,36191,105,0,7,1
36064,36273,36191,82,0,8,1
36342,36280,36192,89,0,9,1
35984,36250,36191,59,0,0,1
36222,36248,36191,56,0,0,1
36203,36243,36191,52,0,0,1
36103,36229,36191,38,0,0,1
36083,36215,36191,24,0,0,1
36481,36241,36191,50,0,0,1
36183,36235,36191,44,0,0,1
36342,36246,36192,54,0,0,1
36203,36242,36192,50,0,0,1
36083,36226,36192,34,0,0,1
36342,36237,36192,46,0,0,1
36044,36218,36192,27,0,0,1
36361,36232,36192,40,0,0,1
35964,36206,36191,14,0,0,1
36222,36207,36192,16,0,0,1
35984,36185,36191,-6,0,0,1
36203,36187,36191,-5,0,0,1
36659,36234,36192,42,0,0,1
36064,36217,36192,25,0,0,1
36163,36211,36192,20,0,0,1
35944,36185,36191,-7,0,0,1
36044,36171,36191,-20,0,0,1
36044,36158,36191,-33,0,0,1
36044,36147,36190,-44,0,0,1
36163,36148,36190,-42,0,0,1
36183,36152,36190,-39,0,0,1
36342,36171,36191,-20,0,0,1
36123,36166,36191,-25,0,0,1
36620,36211,36191,20,0,0,1
36262,36216,36192,25,0,0,1
36123,36207,36191,16,0,0,1
36262,36213,36192,21,0,0,1
36123,36204,36191,12,0,0,1
36083,36192,36191,0,0,0,1
36183,36191,36191,-1,0,0,1
36103,36182,36191,-9,0,0,1
36123,36176,36191,-15,0,0,1
36183,36177,36191,-14,0,0,1
36183,36177,36191,-14,0,0,1
36361,36196,36191,4,0,0,1
36361,36212,36192,21,0,0,1
36183,36209,36192,18,0,0,1
36064,36195,36191,3,0,0,1
36004,36176,36191,-15,0,0,1
36064,36165,36191,-26,0,0,1
36083,36156,36191,-34,0,0,1
36103,36151,36190,-39,0,0,1
36203,36156,36190,-34,0,0,1
36143,36155,36190,-35,0,0,1
36222,36162,36190,-29,0,0,1
36361,36182,36191,-9,0,0,1
36580,36221,36192,30,0,0,1
36103,36210,36191,18,0,0,1
36183,36207,36191,15,0,0,1
36064,36193,36191,1,0,0,1
36163,36190,36191,-1,0,0,1
36083,36179,36191,-12,0,0,1
36302,36191,36191,0,0,0,1
36083,36180,36191,-10,0,0,1
36064,36169,36191,-22,0,0,1
36163,36168,36191,-22,0,0,1
36064,36158,36190,-33,0,0,1
36361,36178,36191,-13,0,0,1
36620,36222,36192,31,0,0,1
36322,36232,36192,40,0,0,1
36361,36245,36192,53,0,0,1
36103,36231,36192,39,0,0,1
36322,36240,36192,48,0,0,1
36083,36224,36192,32,0,0,1
36322,36234,36192,42,0,0,1
36143,36225,36192,33,0,0,1
36342,36237,36192,44,0,0,1
36123,36225,36192,33,0,0,1
36302,36233,36193,40,0,0,1
36103,36220,36192,28,0,0,1
36481,36246,36193,53,0,0,1
36401,36262,36193,68,0,0,1
36242,36260,36193,66,0,0,1
36222,36256,36194,62,0,0,1
36163,36247,36194,53,0,0,1
36222,36244,36194,51,0,0,1
36302,36250,36194,56,0,0,1
36302,36255,36194,61,0,0,1
36143,36244,36194,50,0,0,1
36262,36246,36194,52,0,0,1
36044,36226,36194,32,0,0,1
36600,36263,36195,68,0,0,1
36302,36267,36195,72,0,1,1
36183,36258,36195,64,0,0,1
36083,36241,36195,46,0,0,1
36262,36243,36195,48,0,0,1
36143,36233,36195,38,0,0,1
36064,36216,36194,22,0,0,1
36361,36231,36195,36,0,0,1
36322,36240,36195,45,0,0,1
36203,36236,36195,41,0,0,1
36222,36235,36195,40,0,0,1
36163,36227,36195,33,0,0,1
36481,36253,36196,57,0,0,1
36262,36254,36196,58,0,0,1
36262,36255,36196,59,0,0,1
36242,36253,36196,57,0,0,1
36322,36260,36196,64,0,0,1
36123,36246,36196,50,0,0,1
36222,36244,36196,48,0,0,1
36083,36228,36196,32,0,0,1
36342,36239,36196,43,0,0,1
36044,36220,36196,24,0,0,1
36401,36238,36196,42,0,0,1
36083,36222,36196,26,0,0,1
36262,36226,36196,30,0,0,1
36123,36216,36196,20,0,0,1
36361,36231,36196,34,0,0,1
36004,36208,36196,12,0,0,1
36322,36219,36196,23,0,0,1
35964,36194,36196,-2,0,0,1
36481,36222,36196,26,0,0,1
36103,36211,36196,14,0,0,1
36203,36210,36196,14,0,0,1
36163,36205,36196,9,0,0,1
36183,36203,36196,7,0,0,1
36501,36233,36197,36,0,0,1
35865,36196,36196,0,0,0,1
36163,36193,36196,-3,0,0,1
36083,36182,36196,-14,0,0,1
35964,36160,36195,-35,0,0,1
36083,36152,36195,-43,0,0,1
35984,36135,36195,-59,0,0,1
36203,36142,36195,-53,0,0,1
36203,36148,36195,-47,0,0,1
36183,36152,36195,-43,0,0,1
36481,36185,36195,-11,0,0,1
36222,36188,36195,-7,0,0,1
36580,36228,36196,31,0,0,1
36222,36227,36196,31,0,0,1
36322,36236,36196,40,0,0,1
36163,36229,36196,33,0,0,1
36203,36226,36196,30,0,0,1
36123,36216,36196,20,0,0,1
36103,36205,36196,9,0,0,1
36342,36219,36196,22,0,0,1
36421,36239,36197,42,0,0,1
36064,36221,36196,25,0,0,1
36262,36225,36197,29,0,0,1
36719,36275,36198,77,0,1,1
36103,36258,36197,60,0,0,1
36361,36268,36198,70,0,1,1
36103,36251,36198,54,0,0,1
36501,36276,36198,78,0,1,1
36123,36261,36198,63,0,0,1
36481,36283,36199,84,0,1,1
36083,36263,36198,65,0,0,1
36103,36247,36198,49,0,0,1
36163,36239,36198,40,0,0,1
36123,36227,36198,29,0,0,1
36123,36217,36198,19,0,0,1
36401,36235,36198,37,0,0,1
36183,36230,36198,32,0,0,1
36183,36225,36198,27,0,0,1
36044,36207,36198,9,0,0,1
36361,36222,36198,24,0,0,1
36123,36212,36198,14,0,0,1
36262,36217,36198,19,0,0,1
36064,36202,36198,4,0,0,1
36242,36206,36198,8,0,0,1
36163,36202,36198,4,0,0,1
36262,36208,36198,10,0,0,1
36083,36195,36198,-3,0,0,1
36322,36208,36198,10,0,0,1
36361,36223,36198,25,0,0,1
36103,36211,36198,13,0,0,1
36044,36195,36198,-3,0,0,1
36163,36191,36198,-7,0,0,1
36183,36191,36198,-7,0,0,1
36083,36180,36198,-18,0,0,1
36163,36178,36198,-19,0,0,1
36083,36169,36197,-29,0,0,1
36183,36170,36197,-27,0,0,1
36203,36173,36197,-24,0,0,1
36739,36230,36198,31,0,0,1
36183,36225,36198,27,0,0,1
36361,36239,36199,40,0,0,1
36123,36227,36199,29,0,0,1
36044,36209,36198,11,0,0,1
35984,36186,36198,-11,0,0,1
36103,36178,36198,-20,0,0,1
36222,36182,36198,-15,0,0,1
36302,36194,36198,-4,0,0,1
36262,36201,36198,3,0,0,1
36004,36181,36198,-16,0,0,1
36123,36176,36197,-22,0,0,1
36481,36206,36198,8,0,0,1
36481,36234,36199,35,0,0,1
36163,36227,36199,28,0,0,1
36183,36222,36199,24,0,0,1
36262,36226,36199,27,0,0,1
35984,36202,36198,4,0,0,1
36361,36218,36199,19,0,0,1
36083,36204,36198,6,0,0,1
36262,36210,36198,12,0,0,1
36163,36205,36198,7,0,0,1
36123,36197,36198,-1,0,0,1
36739,36251,36199,52,0,0,1
36083,36234,36199,35,0,0,1
36083,36219,36199,20,0,0,1
36163,36214,36199,15,0,0,1
36242,36217,36199,18,0,0,1
36123,36207,36199,8,0,0,1
36123,36199,36199,0,0,0,1
36044,36183,36198,-15,0,0,1
36083,36173,36198,-25,0,0,1
36044,36160,36198,-37,0,0,1
36163,36161,36198,-37,0,0,1
36004,36145,36197,-52,0,0,1
36640,36194,36198,-4,0,0,1
36361,36211,36199,13,0,0,1
36064,36196,36198,-2,0,0,1
36342,36211,36199,12,0,0,1
36123,36202,36198,4,0,0,1
36183,36200,36198,2,0,0,1
36242,36204,36198,6,0,0,1
36123,36196,36198,-2,0,0,1
36123,36189,36198,-9,0,0,1
36083,36178,36198,-20,0,0,1
35984,36159,36197,-39,0,0,1
36163,36159,36197,-38,0,0,1
36659,36209,36198,11,0,0,1
36103,36199,36198,0,0,0,1
36123,36191,36198,-7,0,0,1
36262,36198,36198,0,0,0,1
36262,36205,36198,6,0,0,1
36222,36206,36198,8,0,0,1
36203,36206,36198,8,0,0,1
36342,36220,36199,21,0,0,1
36183,36216,36199,17,0,0,1
36123,36207,36198,8,0,0,1
36222,36208,36198,10,0,0,1
36481,36235,36199,36,0,0,1
36262,36238,36199,39,0,0,1
36361,36250,36199,51,0,0,1
36361,36261,36200,62,0,0,1
36123,36248,36200,48,0,0,1
36044,36227,36199,28,0,0,1
36083,36213,36199,14,0,0,1
36083,36200,36199,1,0,0,1
36103,36190,36199,-9,0,0,1
36083,36179,36198,-19,0,0,1
36361,36198,36199,-1,0,0,1
36401,36218,36199,19,0,0,1
36600,36256,36200,56,0,0,1
36044,36235,36200,35,0,0,1
36262,36238,36200,38,0,0,1
36242,36238,36200,38,0,0,1
36183,36233,36200,33,0,0,1
36322,36241,36200,41,0,0,1
36123,36230,36200,30,0,0,1
36361,36243,36200,42,0,0,1
36183,36237,36200,36,0,0,1
36401,36253,36201,53,0,0,1
36064,36234,36200,34,0,0,1
36242,36235,36200,35,0,0,1
36342,36246,36201,45,0,0,1
36163,36237,36201,37,0,0,1
36103,36224,36201,23,0,0,1
36222,36224,36201,23,0,0,1
36083,36210,36200,9,0,0,1
36203,36209,36200,9,0,0,1
36123,36200,36200,0,0,0,1
36123,36193,36200,-7,0,0,1
36203,36194,36200,-6,0,0,1
36262,36201,36200,0,0,0,1
36163,36197,36200,-3,0,0,1
36083,36185,36200,-15,0,0,1
36481,36215,36200,15,0,0,1
36203,36214,36200,13,0,0,1
36421,36234,36201,34,0,0,1
36322,36243,36201,42,0,0,1
36123,36231,36201,30,0,0,1
36222,36230,36201,29,0,0,1
36203,36228,36201,26,0,0,1
36083,36213,36201,12,0,0,1
36083,36200,36201,-1,0,0,1
36004,36180,36200,-20,0,0,1
36083,36171,36200,-29,0,0,1
36103,36164,36200,-36,0,0,1
36401,36188,36200,-13,0,0,1
36123,36181,36200,-19,0,0,1
36242,36187,36200,-13,0,0,1
36083,36177,36200,-23,0,0,1
36044,36164,36200,-36,0,0,1
36183,36165,36200,-34,0,0,1
36302,36179,36200,-21,0,0,1
36302,36191,36200,-9,0,0,1
36143,36187,36200,-13,0,0,1
36342,36202,36200,2,0,0,1
35984,36180,36200,-19,0,0,1
36540,36216,36200,16,0,0,1
36103,36205,36200,5,0,0,1
36064,36191,36200,-9,0,0,1
36302,36202,36200,2,0,0,1
36123,36194,36200,-6,0,0,1
36342,36209,36200,9,0,0,1
36103,36198,36200,-2,0,0,1
36322,36211,36200,10,0,0,1
36143,36204,36200,4,0,0,1
36203,36204,36200,3,0,0,1
35984,36182,36200,-18,0,0,1
36103,36174,36200,-26,0,0,1
36719,36228,36201,28,0,0,1
36163,36222,36201,21,0,0,1
36044,36204,36200,4,0,0,1
36123,36196,36200,-4,0,0,1
36302,36207,36200,6,0,0,1
35984,36184,36200,-16,0,0,1
36222,36188,36200,-12,0,0,1
36083,36178,36200,-22,0,0,1
36083,36168,36200,-32,0,0,1
36103,36162,36199,-38,0,0,1
36183,36164,36199,-36,0,0,1
36183,36166,36199,-34,0,0,1
36342,36183,36200,-16,0,0,1
36163,36181,36200,-18,0,0,1
36083,36171,36199,-28,0,0,1
36103,36165,36199,-35,0,0,1
36083,36156,36199,-43,0,0,1
36123,36153,36199,-46,0,0,1
36143,36152,36199,-47,0,0,1
35905,36127,36198,-71,0,1,1
36302,36145,36198,-53,0,0,1
36183,36149,36198,-50,0,0,1
36302,36164,36198,-35,0,0,1
36679,36215,36199,16,0,0,1
35885,36182,36199,-16,0,0,1
36203,36184,36199,-14,0,0,1
36262,36192,36199,-7,0,0,1
36262,36199,36199,0,0,0,1
36322,36211,36199,12,0,0,1
36163,36207,36199,7,0,0,1
36183,36204,36199,5,0,0,1
36242,36208,36199,9,0,0,1
35905,36178,36199,-21,0,0,1
36163,36176,36199,-22,0,0,1
36242,36183,36199,-16,0,0,1
36441,36209,36199,9,0,0,1
36183,36206,36199,7,0,0,1
36222,36208,36199,8,0,0,1
36183,36205,36199,6,0,0,1
36004,36185,36199,-14,0,0,1
36103,36177,36199,-22,0,0,1
36322,36191,36199,-8,0,0,1
36163,36189,36199,-10,0,0,1
36004,36170,36198,-28,0,0,1
36222,36175,36199,-23,0,0,1
35984,36156,36198,-42,0,0,1
36540,36195,36199,-4,0,0,1
36262,36201,36199,2,0,0,1
36203,36201,36199,2,0,0,1
36222,36203,36199,4,0,0,1
36083,36191,36199,-7,0,0,1
36361,36208,36199,9,0,0,1
36044,36192,36199,-7,0,0,1
36044,36177,36199,-21,0,0,1
36262,36186,36199,-13,0,0,1
36083,36175,36198,-23,0,0,1
36361,36194,36199,-5,0,0,1
36163,36191,36199,-8,0,0,1
36679,36240,36200,40,0,0,1
36143,36230,36200,30,0,0,1
36183,36225,36199,26,0,0,1
36342,36237,36200,37,0,0,1
36044,36218,36199,18,0,0,1
36143,36210,36199,11,0,0,1
36044,36194,36199,-6,0,0,1
36322,36206,36199,7,0,0,1
36083,36194,36199,-5,0,0,1
36262,36201,36199,2,0,0,1
36222,36203,36199,4,0,0,1
36242,36207,36199,8,0,0,1
36580,36244,36200,44,0,0,1
36044,36224,36200,24,0,0,1
36262,36228,36200,28,0,0,1
36222,36227,36200,27,0,0,1
36203,36225,36200,25,0,0,1
36342,36237,36200,36,0,0,1
36262,36239,36200,39,0,0,1
36044,36220,36200,20,0,0,1
36203,36218,36200,18,0,0,1
36083,36204,36200,5,0,0,1
36302,36214,36200,14,0,0,1
36580,36251,36201,50,0,0,1
36222,36248,36201,47,0,0,1
36242,36247,36201,46,0,0,1
36123,36235,36201,34,0,0,1
36083,36220,36201,19,0,0,1
36044,36202,36200,2,0,0,1
36262,36208,36200,8,0,0,1
36103,36198,36200,-3,0,0,1
36183,36196,36200,-4,0,0,1
36103,36187,36200,-13,0,0,1
36302,36198,36200,-2,0,0,1
36183,36197,36200,-3,0,0,1
36401,36217,36201,17,0,0,1
36242,36220,36201,19,0,0,1
36262,36224,36201,23,0,0,1
36083,36210,36201,9,0,0,1
36083,36197,36200,-3,0,0,1
36361,36214,36201,13,0,0,1
35984,36191,36200,-10,0,0,1
36481,36220,36201,19,0,0,1
35964,36194,36200,-6,0,0,1
36481,36223,36201,22,0,0,1
36242,36225,36201,24,0,0,1
36421,36244,36202,43,0,0,1
36163,36236,36201,35,0,0,1
36361,36249,36202,47,0,0,1
36083,36232,36202,31,0,0,1
36361,36245,36202,43,0,0,1
36103,36231,36202,29,0,0,1
36044,36212,36201,11,0,0,1
36044,36195,36201,-6,0,0,1
36044,36180,36201,-21,0,0,1
36103,36172,36201,-28,0,0,1
36123,36167,36200,-33,0,0,1
36004,36151,36200,-49,0,0,1
36659,36202,36201,1,0,0,1
36064,36188,36201,-13,0,0,1
36123,36182,36200,-19,0,0,1
36123,36176,36200,-25,0,0,1
36163,36174,36200,-26,0,0,1
36183,36175,36200,-25,0,0,1
36044,36162,36200,-38,0,0,1
36203,36166,36200,-34,0,0,1
36203,36170,36200,-30,0,0,1
36262,36179,36200,-21,0,0,1
36222,36183,36200,-17,0,0,1
36322,36197,36200,-3,0,0,1
36600,36238,36201,36,0,0,1
36242,36238,36201,37,0,0,1
36183,36232,36201,31,0,0,1
36064,36216,36201,15,0,0,1
36123,36206,36201,6,0,0,1
36123,36198,36201,-3,0,0,1
36361,36214,36201,13,0,0,1
36163,36209,36201,8,0,0,1
36242,36212,36201,11,0,0,1
36183,36210,36201,9,0,0,1
36222,36211,36201,10,0,0,1
36481,36238,36202,36,0,0,1
36222,36236,36202,35,0,0,1
36163,36229,36202,27,0,0,1
36262,36232,36202,30,0,0,1
36183,36227,36202,26,0,0,1
36183,36223,36202,21,0,0,1
36143,36215,36202,13,0,0,1
36222,36216,36202,14,0,0,1
36143,36208,36202,7,0,0,1
36302,36218,36202,16,0,0,1
36083,36204,36201,3,0,0,1
36123,36196,36201,-5,0,0,1
36501,36227,36202,25,0,0,1
36183,36222,36202,20,0,0,1
36123,36212,36202,11,0,0,1
36242,36215,36202,13,0,0,1
36064,36200,36202,-1,0,0,1
36163,36196,36201,-5,0,0,1
36083,36185,36201,-16,0,0,1
36222,36189,36201,-13,0,0,1
36262,36196,36201,-5,0,0,1
36064,36183,36201,-18,0,0,1
36361,36201,36201,-1,0,0,1
36064,36187,36201,-14,0,0,1
36580,36226,36202,24,0,0,1
36262,36230,36202,28,0,0,1
36262,36233,36202,31,0,0,1
36203,36230,36202,28,0,0,1
36361,36243,36203,41,0,0,1
36064,36225,36202,23,0,0,1
36143,36217,36202,15,0,0,1
36044,36200,36202,-2,0,0,1
36163,36196,36202,-6,0,0,1
35885,36165,36201,-36,0,0,1
36163,36165,36201,-36,0,0,1
35984,36147,36201,-54,0,0,1
36699,36202,36202,0,0,0,1
36600,36242,36202,39,0,0,1
36103,36228,36202,26,0,0,1
36580,36263,36203,60,0,0,1
36083,36245,36203,42,0,0,1
36163,36237,36203,34,0,0,1
36064,36220,36202,17,0,0,1
35964,36194,36202,-8,0,0,1
36083,36183,36202,-19,0,0,1
36103,36175,36202,-27,0,0,1
36123,36170,36201,-32,0,0,1
36143,36167,36201,-34,0,0,1
36540,36204,36202,2,0,0,1
36342,36218,36202,16,0,0,1
35964,36193,36202,-9,0,0,1
36123,36186,36202,-16,0,0,1
36044,36172,36201,-30,0,0,1
36342,36189,36202,-13,0,0,1
36361,36206,36202,4,0,0,1
36083,36194,36202,-8,0,0,1
36123,36186,36202,-15,0,0,1
36342,36202,36202,0,0,0,1
36183,36200,36202,-2,0,0,1
36361,36216,36202,14,0,0,1
36123,36207,36202,5,0,0,1
36143,36200,36202,-1,0,0,1
36044,36185,36202,-17,0,0,1
36123,36179,36201,-23,0,0,1
35885,36149,36201,-51,0,0,1
36163,36151,36201,-50,0,0,1
36004,36136,36200,-64,0,0,1
36262,36149,36200,-52,0,0,1
36242,36158,36201,-43,0,0,1
36421,36184,36201,-17,0,0,1
36342,36200,36201,-1,0,0,1
36481,36228,36202,26,0,0,1
36540,36259,36202,57,0,0,1
36083,36242,36202,39,0,0,1
36262,36244,36202,41,0,0,1
36183,36238,36202,35,0,0,1
36163,36230,36202,28,0,0,1
36262,36233,36202,31,0,0,1
36361,36246,36203,43,0,0,1
36083,36230,36203,27,0,0,1
36143,36221,36202,19,0,0,1
36123,36211,36202,9,0,0,1
36183,36208,36202,6,0,0,1
36083,36196,36202,-6,0,0,1
36779,36254,36203,51,0,0,1
36123,36241,36203,38,0,0,1
36203,36237,36203,34,0,0,1
36183,36232,36203,29,0,0,1
36163,36225,36203,22,0,0,1
36143,36217,36203,14,0,0,1
36183,36213,36203,11,0,0,1
36103,36202,36203,0,0,0,1
36262,36208,36203,6,0,0,1
36103,36198,36202,-5,0,0,1
36222,36200,36203,-2,0,0,1
36123,36192,36202,-10,0,0,1
36620,36235,36203,32,0,0,1
36123,36224,36203,21,0,0,1
36143,36216,36203,13,0,0,1
36262,36220,36203,17,0,0,1
36123,36211,36203,8,0,0,1
36222,36212,36203,9,0,0,1
36501,36241,36204,37,0,0,1
36123,36229,36203,26,0,0,1
36342,36240,36204,37,0,0,1
36262,36242,36204,39,0,0,1
36083,36227,36204,23,0,0,1
36262,36230,36204,26,0,0,1
36600,36267,36204,63,0,0,1
36361,36276,36205,72,0,1,1
36183,36267,36205,62,0,0,1
36361,36276,36205,71,0,1,1
36262,36275,36205,70,0,0,1
36203,36268,36205,63,0,0,1
36203,36261,36205,56,0,0,1
36183,36253,36205,48,0,0,1
36183,36246,36205,41,0,0,1
36361,36258,36205,53,0,0,1
36083,36240,36205,35,0,0,1
36302,36247,36205,41,0,0,1
36620,36284,36206,78,0,1,1
36064,36262,36206,56,0,0,1
36183,36254,36206,48,0,0,1
35984,36227,36205,22,0,0,1
36183,36223,36205,17,0,0,1
36064,36207,36205,2,0,0,1
36262,36212,36205,7,0,0,1
36361,36227,36206,22,0,0,1
36342,36239,36206,33,0,0,1
36203,36235,36206,29,0,0,1
36342,36246,36206,40,0,0,1
36163,36237,36206,31,0,0,1
36481,36262,36207,55,0,0,1
36083,36244,36206,38,0,0,1
35905,36210,36206,4,0,0,1
36123,36201,36206,-4,0,0,1
36044,36186,36205,-20,0,0,1
36203,36187,36205,-18,0,0,1
36361,36205,36206,-1,0,0,1
36183,36203,36205,-3,0,0,1
36342,36217,36206,11,0,0,1
36083,36203,36206,-2,0,0,1
36361,36219,36206,13,0,0,1
35944,36191,36205,-14,0,0,1
36481,36220,36206,15,0,0,1
36044,36203,36206,-3,0,0,1
36262,36209,36206,3,0,0,1
36183,36206,36206,0,0,0,1
36302,36216,36206,10,0,0,1
36083,36202,36206,-3,0,0,1
36342,36216,36206,11,0,0,1
35984,36193,36205,-12,0,0,1
36103,36184,36205,-21,0,0,1
36222,36188,36205,-17,0,0,1
36203,36189,36205,-16,0,0,1
36163,36187,36205,-18,0,0,1
36481,36216,36206,10,0,0,1
36242,36219,36206,13,0,0,1
36123,36209,36206,4,0,0,1
36183,36207,36206,1,0,0,1
36103,36196,36205,-9,0,0,1
36222,36199,36205,-7,0,0,1
36183,36197,36205,-8,0,0,1
36183,36196,36205,-10,0,0,1
36044,36181,36205,-24,0,0,1
36103,36173,36205,-32,0,0,1
36143,36170,36205,-35,0,0,1
36302,36183,36205,-22,0,0,1
36580,36223,36206,17,0,0,1
36222,36223,36206,17,0,0,1
36044,36205,36205,-1,0,0,1
36143,36199,36205,-7,0,0,1
36143,36193,36205,-12,0,0,1
36262,36200,36205,-5,0,0,1
36083,36188,36205,-17,0,0,1
36203,36190,36205,-15,0,0,1
36123,36183,36205,-22,0,0,1
36103,36175,36205,-30,0,0,1
36163,36174,36205,-31,0,0,1
36401,36197,36205,-8,0,0,1
36083,36185,36205,-20,0,0,1
36064,36173,36204,-31,0,0,1
36044,36160,36204,-44,0,0,1
36064,36151,36204,-53,0,0,1
36481,36184,36204,-21,0,0,1
36342,36199,36205,-5,0,0,1
36183,36198,36205,-7,0,0,1
36203,36198,36205,-6,0,0,1
36183,36197,36205,-8,0,0,1
36083,36185,36204,-19,0,0,1
36361,36203,36205,-2,0,0,1
36779,36261,36206,55,0,0,1
36183,36253,36206,47,0,0,1
36361,36264,36206,58,0,0,1
36083,36246,36206,40,0,0,1
36203,36241,36206,36,0,0,1
36222,36239,36206,34,0,0,1
36361,36251,36206,45,0,0,1
36123,36239,36206,33,0,0,1
36123,36227,36206,21,0,0,1
36064,36211,36206,5,0,0,1
36183,36208,36205,3,0,0,1
36183,36205,36205,0,0,0,1
36481,36233,36206,27,0,0,1
36222,36232,36206,26,0,0,1
36183,36227,36206,21,0,0,1
36322,36237,36206,30,0,0,1
36262,36239,36206,33,0,0,1
36183,36233,36206,27,0,0,1
36242,36234,36206,28,0,0,1
36262,36237,36206,31,0,0,1
36143,36228,36206,21,0,0,1
36163,36221,36206,15,0,0,1
36262,36225,36206,19,0,0,1
36679,36271,36207,63,0,0,1
36401,36284,36208,76,0,1,1
36361,36291,36208,83,0,2,1
36222,36284,36208,76,0,3,1
36222,36278,36208,70,0,4,1
36342,36285,36208,76,0,5,1
36203,36276,36208,68,0,0,1
35984,36247,36208,39,0,0,1
36123,36235,36208,27,0,0,1
35984,36210,36207,2,0,0,1
36183,36207,36207,0,0,0,1
35944,36181,36207,-26,0,0,1
36501,36213,36207,6,0,0,1
36242,36216,36207,8,0,0,1
36361,36230,36208,23,0,0,1
36262,36233,36208,26,0,0,1
36262,36236,36208,28,0,0,1
36242,36237,36208,29,0,0,1
36004,36214,36207,6,0,0,1
36183,36210,36207,3,0,0,1
36064,36196,36207,-11,0,0,1
36044,36181,36207,-26,0,0,1
36123,36175,36207,-32,0,0,1
36640,36221,36207,14,0,0,1
36481,36247,36208,39,0,0,1
36044,36227,36208,19,0,0,1
36322,36236,36208,29,0,0,1
36083,36221,36208,13,0,0,1
36123,36211,36208,4,0,0,1
36044,36195,36207,-13,0,0,1
36103,36185,36207,-22,0,0,1
36083,36175,36207,-32,0,0,1
36004,36158,36206,-48,0,0,1
36183,36161,36206,-46,0,0,1
36203,36165,36206,-42,0,0,1
36779,36226,36207,19,0,0,1
36083,36212,36207,5,0,0,1
36262,36217,36207,10,0,0,1
36064,36202,36207,-5,0,0,1
36163,36198,36207,-9,0,0,1
36441,36222,36207,15,0,0,1
36163,36216,36207,9,0,0,1
36322,36227,36208,19,0,0,1
36262,36230,36208,23,0,0,1
36322,36239,36208,31,0,0,1
36004,36216,36208,8,0,0,1
36441,36238,36208,30,0,0,1
36620,36277,36209,68,0,0,1
36222,36271,36209,62,0,0,1
36183,36262,36209,53,0,0,1
36183,36254,36209,46,0,0,1
36322,36261,36209,52,0,0,1
36103,36245,36209,37,0,0,1
36322,36253,36209,44,0,0,1
36064,36234,36209,25,0,0,1
36123,36223,36209,14,0,0,1
36163,36217,36208,9,0,0,1
